year,transported,tag_id,population,release_rkm,migration_year,bon,tda,jda
2018,,3DA.1A19B15A1B ,MidColSthd_abvJDA,351.034.005,2016,1,1,1
2018,,3DA.1A19B1762B ,MidColSthd_abvJDA,351.034.005,2016,1,1,1
2018,,3DA.1A19B184EB ,MidColSthd_abvJDA,351.034.005,2016,1,1,1
2018,,3DA.1A19B1777E ,MidColSthd_abvJDA,351.034.005,2016,1,0,0
2018,,384.1B7975A27F ,MidColSthd_abvJDA,351.034.005,2016,1,1,1
2018,,3DA.1A19B15DAE ,MidColSthd_abvJDA,351.034.005,2016,1,1,1
2018,,3DD.007759AE20 ,MidColSthd_abvJDA,351.218.015,2016,1,1,1
2018,,3DD.007763AE83 ,MidColSthd_abvJDA,351.218.017,2015,1,1,1
2018,,3DD.0077627F38 ,MidColSthd_abvJDA,351.218.019,2016,1,1,1
2018,,3DD.007760E284 ,MidColSthd_abvJDA,351.218.019,2016,1,1,1
2018,,3DD.0077594C66 ,MidColSthd_abvJDA,351.218.026,2015,1,1,1
2018,,3DD.00778BD15E ,MidColSthd_abvJDA,351.298.052.024,2016,1,0,0
2018,,3DD.007788486A ,MidColSthd_abvJDA,351.298.052.024,2016,1,1,1
2018,,3DD.00778140B4 ,MidColSthd_abvJDA,351.298.052.024,2016,1,1,1
2018,,3DD.00778010C5 ,MidColSthd_abvJDA,351.298.052.024,2016,1,0,0
2018,,3DD.00778AE3E3 ,MidColSthd_abvJDA,351.298.052.024,2016,1,1,1
2018,,3DD.00778B9E81 ,MidColSthd_abvJDA,351.298.052.024,2016,1,1,1
2018,,3DD.0077898604 ,MidColSthd_abvJDA,351.298.052.024,2016,1,1,1
2018,,3DD.003BC79880 ,MidColSthd_abvJDA,351.298.052.081.001,2016,1,1,1
2018,,3DD.003BC79938 ,MidColSthd_abvJDA,351.298.052.081.001,2016,1,1,1
2018,,3DD.0077914017 ,MidColSthd_abvJDA,351.341.010,2016,1,1,1
2018,,3DD.007791C3C7 ,MidColSthd_abvJDA,351.341.010,2016,1,0,0
2018,,3DD.00778AAADC ,MidColSthd_abvJDA,351.341.010,2016,1,1,1
2018,,3DD.0077917C8F ,MidColSthd_abvJDA,351.341.010,2016,1,1,1
2018,,3DD.007791283D ,MidColSthd_abvJDA,351.341.010,2016,1,1,1
2018,,3DD.00778BCFB6 ,MidColSthd_abvJDA,351.341.010,2016,1,1,1
2018,,3DD.007791ECEA ,MidColSthd_abvJDA,351.341.010,2016,1,1,1
2018,,3DD.00779157E1 ,MidColSthd_abvJDA,351.341.010,2016,1,1,1
2018,,3DD.0077915F9B ,MidColSthd_abvJDA,351.341.010,2016,1,1,1
2018,,3DD.0077910BCD ,MidColSthd_abvJDA,351.341.010,2016,1,1,1
2018,,3DD.007790EE6E ,MidColSthd_abvJDA,351.341.010,2016,1,1,1
2018,,3DD.00779097E9 ,MidColSthd_abvJDA,351.341.010,2016,1,1,1
2018,,3DD.00776EF2E1 ,MidColSthd_abvJDA,351.341.027.002,2015,1,1,1
2018,,3DD.00775A381D ,MidColSthd_abvJDA,351.341.027.002,2015,1,1,1
2018,,3DD.00776024A9 ,MidColSthd_abvJDA,351.341.027.002,2016,1,1,1
2018,,3DD.007770580E ,MidColSthd_abvJDA,351.341.027.010,2015,1,1,0
2018,,3DD.0077620B9D ,MidColSthd_abvJDA,351.341.027.010,2016,1,1,1
2018,,3DD.00776FD829 ,MidColSthd_abvJDA,351.341.027.010,2016,1,1,1
2018,,3DD.00776FFD90 ,MidColSthd_abvJDA,351.341.027.018,2016,1,1,1
2018,,3DD.00777BD06E ,MidColSthd_abvJDA,465.008,2016,1,1,1
2018,,3DD.00778B5B9C ,MidColSthd_abvJDA,465.077.001,2016,1,1,1
2018,,3DD.0077897320 ,MidColSthd_abvJDA,465.077.001,2016,1,1,0
2018,,3DD.00778752B9 ,MidColSthd_abvJDA,465.077.001,2016,1,1,1
2018,,3DD.00778A8831 ,MidColSthd_abvJDA,465.077.001,2016,1,1,1
2018,,3DD.00778907A8 ,MidColSthd_abvJDA,465.077.001,2016,1,1,1
2018,,3DD.00778AF56D ,MidColSthd_abvJDA,465.077.001,2016,1,1,1
2018,,3DD.007744A2CC ,MidColSthd_abvJDA,465.077.001,2016,1,1,1
2018,,3DD.00778ABC40 ,MidColSthd_abvJDA,465.077.001,2016,1,1,1
2018,,3D9.1BF10118F3 ,MidColSthd_abvJDA,465.077.001,2016,1,1,1
2018,,3DD.0077897DBA ,MidColSthd_abvJDA,465.077.001,2016,1,1,1
2018,,3DD.00778732A5 ,MidColSthd_abvJDA,465.077.001,2016,1,1,1
2018,,3DD.00778A269B ,MidColSthd_abvJDA,465.077.001,2016,1,1,1
2018,,3DD.007788B895 ,MidColSthd_abvJDA,465.077.001,2016,1,1,1
2018,,3DD.003BDD7B37 ,MidColSthd_abvJDA,465.109,2016,1,1,1
2018,,3DD.007748E9CA ,MidColSthd_abvJDA,465.127.003,2015,1,0,0
2018,,3DD.00778D694E ,MidColSthd_abvJDA,465.127.003,2016,1,1,1
2018,,3DD.0077818205 ,MidColSthd_abvJDA,465.127.003,2016,1,1,1
2018,,3DD.00775DFD25 ,MidColSthd_abvJDA,465.127.003,2016,1,1,1
2018,,3DD.007781556D ,MidColSthd_abvJDA,465.127.003,2016,1,1,1
2018,,3DD.00778D831E ,MidColSthd_abvJDA,465.127.003,2016,1,1,1
2018,,3DD.00775D9F18 ,MidColSthd_abvJDA,465.128,2016,1,1,1
2018,,3D9.1C2DF34DED ,MidColSthd_abvJDA,465.128,2016,1,1,1
2018,,3DD.007781B391 ,MidColSthd_abvJDA,465.128,2016,1,1,1
2018,,3DD.00778D5383 ,MidColSthd_abvJDA,465.128,2016,1,1,1
2018,,3DD.0077874509 ,MidColSthd_abvJDA,509.035.051,2016,1,0,0
2018,,3DD.007786ED8F ,MidColSthd_abvJDA,509.035.051,2016,1,1,1
2018,,3DD.00773AF8B0 ,MidColSthd_abvJDA,509.035.051,2016,1,1,1
2018,,3DD.00773B0FB9 ,MidColSthd_abvJDA,509.035.051,2016,1,1,1
2018,,3DD.0077881220 ,MidColSthd_abvJDA,509.035.051,2016,1,1,1
2018,,3D9.1C2DDADA72 ,MidColSthd_abvJDA,509.035.051,2016,1,1,1
2018,,3DD.0077873D1C ,MidColSthd_abvJDA,509.035.051,2016,1,1,1
2018,,3DD.00773A23F7 ,MidColSthd_abvJDA,509.035.051,2016,1,1,1
2018,,3DD.00778894B6 ,MidColSthd_abvJDA,509.035.051,2016,1,1,1
2018,,3DD.00773A67CB ,MidColSthd_abvJDA,509.035.051,2016,1,1,1
2018,,3DD.00773A2855 ,MidColSthd_abvJDA,509.035.051,2016,1,0,0
2018,,3D9.1C2DDAD982 ,MidColSthd_abvJDA,509.035.051,2016,1,1,1
2018,,3DD.0077873AB3 ,MidColSthd_abvJDA,509.035.051,2016,1,1,1
2018,,3DD.0077870668 ,MidColSthd_abvJDA,509.035.087,2016,1,1,1
2018,,3DD.007786F79D ,MidColSthd_abvJDA,509.035.087,2016,1,1,1
2018,,3DD.00777EB517 ,MidColSthd_abvJDA,509.035.087,2016,1,1,1
2018,,3DD.00777559AD ,MidColSthd_abvJDA,509.035.087,2016,1,0,0
2018,,3DD.00777EB120 ,MidColSthd_abvJDA,509.035.087,2016,1,1,1
2018,,3DD.00777E8B95 ,MidColSthd_abvJDA,509.035.087,2016,1,1,1
2018,,3DD.00777E412B ,MidColSthd_abvJDA,509.035.087,2016,1,1,1
2018,,3DD.007775393A ,MidColSthd_abvJDA,509.035.087,2016,1,1,1
2018,,3DD.007787C2AC ,MidColSthd_abvJDA,509.035.087,2016,1,1,1
2018,,3DD.007772CFD6 ,MidColSthd_abvJDA,509.035.087,2016,1,1,1
2018,,3DD.00777E150A ,MidColSthd_abvJDA,509.035.087,2016,1,1,1
2018,,3DD.00777506FC ,MidColSthd_abvJDA,509.035.087,2016,1,1,1
2018,,3DD.007774DAE3 ,MidColSthd_abvJDA,509.035.087,2016,1,1,0
2018,,3DD.007774C568 ,MidColSthd_abvJDA,509.035.087,2016,1,0,0
2018,,3DD.0077755A5D ,MidColSthd_abvJDA,509.035.087,2016,1,0,0
2018,,3DD.00777EA4E8 ,MidColSthd_abvJDA,509.035.087,2016,1,1,0
2018,,3DD.007786ECE8 ,MidColSthd_abvJDA,509.035.087,2016,1,1,1
2018,,3DD.00777E3D20 ,MidColSthd_abvJDA,509.035.087,2016,1,1,1
2018,,3DD.007771CC0E ,MidColSthd_abvJDA,509.035.087,2016,1,0,0
2018,,3DD.007787DDB7 ,MidColSthd_abvJDA,509.035.087,2016,1,1,1
2018,,3DD.007774F55E ,MidColSthd_abvJDA,509.035.087,2016,1,1,1
2018,,3DD.00778711D2 ,MidColSthd_abvJDA,509.035.087,2016,1,1,1
2018,,3DD.007787CCCD ,MidColSthd_abvJDA,509.035.087,2016,1,1,1
2018,,3DD.00777F3773 ,MidColSthd_abvJDA,509.035.087,2016,1,1,1
2018,,3DD.00777F1B53 ,MidColSthd_abvJDA,509.035.087,2016,1,1,1
2018,,3DD.00777E83A6 ,MidColSthd_abvJDA,509.048,2016,1,1,1
2018,,3DD.00777DA872 ,MidColSthd_abvJDA,509.048,2016,1,1,1
2018,,3DD.00777DDDF3 ,MidColSthd_abvJDA,509.048,2016,1,1,1
2018,,3DD.0077668BF7 ,MidColSthd_abvJDA,509.048,2016,1,0,0
2018,,3DD.00777D89B3 ,MidColSthd_abvJDA,509.048,2016,1,1,1
2018,,3DD.00777E82ED ,MidColSthd_abvJDA,509.048,2016,1,1,1
2018,,3DD.00777F2B1F ,MidColSthd_abvJDA,509.048,2016,1,0,1
2018,,384.3B23A6FB76 ,MidColSthd_abvJDA,539.130.048,2016,1,1,1
2018,,384.3B23A91842 ,MidColSthd_abvJDA,539.130.048,2016,1,1,1
2018,,384.3B23A8BBDA ,MidColSthd_abvJDA,539.130.048,2016,1,1,1
2018,,3DD.0077494BC9 ,MidColSthd_abvJDA,539.172.035,2016,1,1,1
2018,,3DD.0077558897 ,MidColSthd_abvJDA,539.187.004.021,2016,1,0,0
2018,,3DD.0077561DA4 ,MidColSthd_abvJDA,539.187.028.006,2016,1,0,0
2018,,3DD.00774A00C3 ,MidColSthd_abvJDA,539.187.055,2016,1,1,1
2018,,3DD.0077496560 ,MidColSthd_abvJDA,539.187.072.006,2016,1,0,0
2018,,3DD.007748A997 ,MidColSthd_abvJDA,539.187.072.006.004,2016,1,1,1
2018,,3DD.00774A574B ,MidColSthd_abvJDA,539.187.073,2016,1,1,1
2018,,3DD.0077499E09 ,MidColSthd_abvJDA,539.253.025,2016,1,0,0
2019,,3D9.239F8826CB ,MidColSthd_abvJDA,351.034.002,2017,1,1,1
2019,,3DD.0077594A89 ,MidColSthd_abvJDA,351.218.005,2017,1,1,1
2019,,3DD.00775953F5 ,MidColSthd_abvJDA,351.218.007,2017,1,0,0
2019,,3DD.0077582277 ,MidColSthd_abvJDA,351.218.007,2017,1,1,1
2019,,3DD.007759F121 ,MidColSthd_abvJDA,351.218.007,2017,1,1,1
2019,,3DD.00778E96FA ,MidColSthd_abvJDA,351.218.008,2017,1,1,1
2019,,3DD.00775A4C25 ,MidColSthd_abvJDA,351.218.008,2017,1,1,1
2019,,3DD.007759F495 ,MidColSthd_abvJDA,351.218.009.006,2017,1,1,1
2019,,3DD.00775A2A37 ,MidColSthd_abvJDA,351.218.009.006,2017,1,1,1
2019,,3DD.0077616DD8 ,MidColSthd_abvJDA,351.218.009.006,2017,1,1,1
2019,,3DD.00778EAF11 ,MidColSthd_abvJDA,351.218.009.012,2017,1,1,1
2019,,3DD.0077593E76 ,MidColSthd_abvJDA,351.218.015,2017,1,1,1
2019,,3DD.00778ED7A0 ,MidColSthd_abvJDA,351.218.015,2017,1,1,1
2019,,3DA.1A19B303D0 ,MidColSthd_abvJDA,351.218.017,2016,1,1,1
2019,,3DD.00778DFC94 ,MidColSthd_abvJDA,351.218.017,2016,1,1,1
2019,,3DD.007761E625 ,MidColSthd_abvJDA,351.218.017,2017,1,1,1
2019,,3DA.1A19B3163E ,MidColSthd_abvJDA,351.218.019,2016,1,1,1
2019,,3DA.1A19B3120E ,MidColSthd_abvJDA,351.218.019,2016,1,1,1
2019,,3DA.1A19B3130E ,MidColSthd_abvJDA,351.218.019,2016,1,1,1
2019,,3DD.00776165B8 ,MidColSthd_abvJDA,351.218.019,2017,1,1,1
2019,,3DD.00778E7CC8 ,MidColSthd_abvJDA,351.218.019,2017,1,1,1
2019,,3DD.007761CE74 ,MidColSthd_abvJDA,351.218.019,2017,1,1,1
2019,,3DD.007759C169 ,MidColSthd_abvJDA,351.218.021,2017,1,1,1
2019,,3DD.0077634EB3 ,MidColSthd_abvJDA,351.218.021,2017,1,1,1
2019,,3DA.1A19B3069D ,MidColSthd_abvJDA,351.218.022.001,2016,1,1,1
2019,,3DA.1A19B30EBA ,MidColSthd_abvJDA,351.218.022.001,2016,1,1,1
2019,,3DA.1A19B334FB ,MidColSthd_abvJDA,351.218.022.001,2016,1,1,1
2019,,3DD.00775A74A6 ,MidColSthd_abvJDA,351.218.023,2017,1,1,1
2019,,3DD.00778EAFEB ,MidColSthd_abvJDA,351.218.026,2017,1,1,0
2019,,3DD.007759503B ,MidColSthd_abvJDA,351.218.026,2017,1,1,1
2019,,3DD.00775A33A9 ,MidColSthd_abvJDA,351.218.029,2017,1,1,1
2019,,3DD.00778E05CD ,MidColSthd_abvJDA,351.218.029,2017,1,1,1
2019,,3DD.0077B8E87C ,MidColSthd_abvJDA,351.298.052.024,2017,1,1,1
2019,,3DD.0077B749E4 ,MidColSthd_abvJDA,351.298.052.024,2017,1,1,1
2019,,3DD.0077B78304 ,MidColSthd_abvJDA,351.298.052.024,2017,1,1,1
2019,,3DD.003BC7A2D6 ,MidColSthd_abvJDA,351.298.052.076.005,2016,1,1,1
2019,,3DD.0077AF0195 ,MidColSthd_abvJDA,351.341.010,2017,1,0,0
2019,,3DD.0077B766B3 ,MidColSthd_abvJDA,351.341.010,2017,1,1,1
2019,,3DD.0077B89934 ,MidColSthd_abvJDA,351.341.010,2017,1,1,1
2019,,3DD.0077B7C5C6 ,MidColSthd_abvJDA,351.341.010,2017,1,1,0
2019,,3DD.0077AF11C8 ,MidColSthd_abvJDA,351.341.010,2017,1,1,1
2019,,3DD.0077AF4A3A ,MidColSthd_abvJDA,351.341.010,2017,1,1,1
2019,,3DD.0077B7A007 ,MidColSthd_abvJDA,351.341.010,2017,1,1,1
2019,,3DD.0077B85F5F ,MidColSthd_abvJDA,351.341.010,2017,1,1,1
2019,,3DD.0077AF7033 ,MidColSthd_abvJDA,351.341.010,2017,1,0,0
2019,,3DD.0077AF49F0 ,MidColSthd_abvJDA,351.341.010,2017,1,1,0
2019,,3DD.0077AF695D ,MidColSthd_abvJDA,351.341.010,2017,1,1,1
2019,,3DD.0077B72BA6 ,MidColSthd_abvJDA,351.341.010,2017,1,1,1
2019,,3DD.0077B7CFB7 ,MidColSthd_abvJDA,351.341.010,2017,1,1,1
2019,,3DD.0077B781DF ,MidColSthd_abvJDA,351.341.010,2017,1,1,1
2019,,3DD.0077B75D75 ,MidColSthd_abvJDA,351.341.010,2017,1,1,1
2019,,3DD.0077B77721 ,MidColSthd_abvJDA,351.341.010,2017,1,0,0
2019,,3DD.0077AF2E14 ,MidColSthd_abvJDA,351.341.010,2017,1,1,1
2019,,3DD.00778E60B9 ,MidColSthd_abvJDA,351.341.027.002,2016,1,0,0
2019,,3DD.0077596C3A ,MidColSthd_abvJDA,351.341.027.002,2017,1,1,1
2019,,3DD.00775949E3 ,MidColSthd_abvJDA,351.341.027.002,2017,1,1,1
2019,,3DD.007759521C ,MidColSthd_abvJDA,351.341.027.002,2017,1,1,1
2019,,3D9.239F865548 ,MidColSthd_abvJDA,351.341.027.010,2015,1,1,1
2019,,384.1B7972997B ,MidColSthd_abvJDA,351.341.027.010,2015,1,1,1
2019,,3DD.007763848D ,MidColSthd_abvJDA,465.008,2017,1,1,1
2019,,3DD.0077A10044 ,MidColSthd_abvJDA,465.008,2017,1,1,1
2019,,3DD.0077A229AF ,MidColSthd_abvJDA,465.008,2017,1,0,0
2019,,3DD.0077A0A4F0 ,MidColSthd_abvJDA,465.008,2017,1,1,1
2019,,3DD.0077A1001D ,MidColSthd_abvJDA,465.008,2017,1,1,1
2019,,3DD.0077A0974C ,MidColSthd_abvJDA,465.008,2017,1,1,1
2019,,3DD.0077A0FCB3 ,MidColSthd_abvJDA,465.008,2017,1,1,1
2019,,3DD.007763BD15 ,MidColSthd_abvJDA,465.008,2017,1,1,1
2019,,3DD.0077A24554 ,MidColSthd_abvJDA,465.008,2017,1,1,1
2019,,3DD.0077B62912 ,MidColSthd_abvJDA,465.077.001,2017,1,1,1
2019,,3DD.0077B6C853 ,MidColSthd_abvJDA,465.077.001,2017,1,1,1
2019,,3DD.0077AE4027 ,MidColSthd_abvJDA,465.077.001,2017,1,1,1
2019,,3DD.0077875947 ,MidColSthd_abvJDA,465.077.001,2017,1,1,1
2019,,3DD.00778720CE ,MidColSthd_abvJDA,465.077.001,2017,1,1,1
2019,,3DD.0077BC7E7B ,MidColSthd_abvJDA,465.077.001,2017,1,1,1
2019,,3DD.0077AE0B32 ,MidColSthd_abvJDA,465.077.001,2017,1,1,1
2019,,3DD.0077889B6E ,MidColSthd_abvJDA,465.077.001,2017,1,1,1
2019,,3DD.00778AB9DD ,MidColSthd_abvJDA,465.077.001,2017,1,1,1
2019,,3DD.00778740D1 ,MidColSthd_abvJDA,465.077.001,2017,1,1,1
2019,,3DD.007789CA48 ,MidColSthd_abvJDA,465.077.001,2017,1,1,1
2019,,3DD.00778725F2 ,MidColSthd_abvJDA,465.077.001,2017,1,1,1
2019,,3DD.007789DD15 ,MidColSthd_abvJDA,465.077.001,2017,1,0,0
2019,,3DD.0077ADB6EC ,MidColSthd_abvJDA,465.077.001,2017,1,1,0
2019,,3DD.007787641D ,MidColSthd_abvJDA,465.077.001,2017,1,1,1
2019,,3DD.007788BCDB ,MidColSthd_abvJDA,465.077.001,2017,1,0,0
2019,,3DD.0077ADF009 ,MidColSthd_abvJDA,465.077.001,2017,1,1,1
2019,,3DD.007798EBC1 ,MidColSthd_abvJDA,465.127.003,2017,1,1,1
2019,,3DD.0077AB6A75 ,MidColSthd_abvJDA,465.127.003,2017,1,1,1
2019,,3DD.0077984303 ,MidColSthd_abvJDA,465.127.003,2017,1,1,1
2019,,3DD.0077AC3FA4 ,MidColSthd_abvJDA,465.127.003,2017,1,1,1
2019,,3DD.007797D73C ,MidColSthd_abvJDA,465.127.003,2017,1,1,1
2019,,3DD.0077AC4EBA ,MidColSthd_abvJDA,465.128,2017,1,1,1
2019,,3DD.0077AB9962 ,MidColSthd_abvJDA,465.128,2017,1,1,1
2019,,3DD.0077AC5897 ,MidColSthd_abvJDA,465.128,2017,1,1,1
2019,,3DD.0077ABDA31 ,MidColSthd_abvJDA,465.128,2017,1,1,1
2019,,3DD.0077876E24 ,MidColSthd_abvJDA,509.035.051,2017,1,1,1
2019,,3DD.007787D027 ,MidColSthd_abvJDA,509.035.051,2017,1,1,1
2019,,3DD.007787499E ,MidColSthd_abvJDA,509.035.051,2017,1,1,1
2019,,3DD.0077878143 ,MidColSthd_abvJDA,509.035.051,2017,1,1,1
2019,,3DD.0077873AF9 ,MidColSthd_abvJDA,509.035.051,2017,1,1,1
2019,,3DD.0077871B8F ,MidColSthd_abvJDA,509.035.051,2017,1,1,1
2019,,3DD.0077871E60 ,MidColSthd_abvJDA,509.035.051,2017,1,0,0
2019,,3DD.0077877964 ,MidColSthd_abvJDA,509.035.051,2017,1,1,1
2019,,3DD.007788A60D ,MidColSthd_abvJDA,509.035.051,2017,1,1,1
2019,,3DD.0077730A8C ,MidColSthd_abvJDA,509.035.087,2016,1,1,1
2019,,3DD.0077578A59 ,MidColSthd_abvJDA,509.035.087,2017,1,0,0
2019,,3DD.0077ADB8B2 ,MidColSthd_abvJDA,509.035.087,2017,1,1,1
2019,,3DD.0077B6F3F7 ,MidColSthd_abvJDA,509.035.087,2017,1,1,0
2019,,3DD.007757ADCD ,MidColSthd_abvJDA,509.035.087,2017,1,1,1
2019,,3DD.0077ADF727 ,MidColSthd_abvJDA,509.035.087,2017,1,1,1
2019,,3DD.003BF75EDD ,MidColSthd_abvJDA,509.035.087,2017,1,1,1
2019,,3DD.0077B6BC56 ,MidColSthd_abvJDA,509.035.087,2017,1,1,1
2019,,3DD.003BF7637A ,MidColSthd_abvJDA,509.035.087,2017,1,1,1
2019,,3DD.00775882B5 ,MidColSthd_abvJDA,509.035.087,2017,1,1,1
2019,,3DD.0077AF52D7 ,MidColSthd_abvJDA,509.035.087,2017,1,1,1
2019,,3DD.003BF764D9 ,MidColSthd_abvJDA,509.035.087,2017,1,0,0
2019,,3DD.003BF75F99 ,MidColSthd_abvJDA,509.035.087,2017,1,1,1
2019,,3DD.0077B6E67A ,MidColSthd_abvJDA,509.035.087,2017,1,1,1
2019,,3DD.007757CF74 ,MidColSthd_abvJDA,509.035.087,2017,1,1,1
2019,,3DD.0077B6A4C9 ,MidColSthd_abvJDA,509.035.087,2017,1,1,0
2019,,3DD.007793E25A ,MidColSthd_abvJDA,509.048,2017,1,1,1
2019,,3DD.003BF76D13 ,MidColSthd_abvJDA,509.048,2017,1,1,1
2019,,3DD.007793797A ,MidColSthd_abvJDA,509.048,2017,1,1,1
2019,,3DD.0077AE1513 ,MidColSthd_abvJDA,509.061,2017,1,1,1
2019,,3DD.0077653AFC ,MidColSthd_abvJDA,539.112.043,2017,1,1,0
2019,,3DD.0077659DCE ,MidColSthd_abvJDA,539.112.060,2017,1,1,1
2019,,3DD.007765831C ,MidColSthd_abvJDA,539.112.067,2017,1,1,1
2019,,3DD.007775587F ,MidColSthd_abvJDA,539.130.048,2017,1,1,0
2019,,3DD.0077759659 ,MidColSthd_abvJDA,539.130.048,2017,1,1,1
2019,,3DD.00777EF311 ,MidColSthd_abvJDA,539.187.004.012.008,2017,1,0,0
2019,,3DD.0077638CE9 ,MidColSthd_abvJDA,539.187.024,2017,1,1,1
2019,,3DD.007764996C ,MidColSthd_abvJDA,539.187.028.007,2017,1,1,1
2019,,3DD.007764CD05 ,MidColSthd_abvJDA,539.187.028.007,2017,1,1,1
2019,,3DD.00777DB488 ,MidColSthd_abvJDA,539.187.028.009,2017,1,1,1
2019,,3DD.0077636277 ,MidColSthd_abvJDA,539.187.040,2017,1,1,1
2019,,3DD.00777E7A78 ,MidColSthd_abvJDA,539.187.045.001,2017,1,1,1
2019,,3DD.00777F55A6 ,MidColSthd_abvJDA,539.187.045.003,2017,1,1,1
2019,,3DD.0077885E65 ,MidColSthd_abvJDA,539.187.045.020,2017,1,1,1
2019,,3DD.00777E5052 ,MidColSthd_abvJDA,539.187.045.023,2017,1,1,1
2019,,3DD.00778A8F81 ,MidColSthd_abvJDA,539.187.047.006,2017,1,0,0
2019,,3DD.00777E4546 ,MidColSthd_abvJDA,539.187.050,2017,1,1,0
2019,,3DD.00777E5B5D ,MidColSthd_abvJDA,539.187.051,2017,1,1,1
2019,,3DD.007776AB56 ,MidColSthd_abvJDA,539.187.070,2017,1,1,1
2019,,3DD.00777DE471 ,MidColSthd_abvJDA,539.187.072.003,2017,1,1,1
2019,,3DD.00777D72D4 ,MidColSthd_abvJDA,539.187.072.006.004,2017,1,1,0
2019,,3DD.00777EB0D1 ,MidColSthd_abvJDA,539.187.072.014,2017,1,1,1
2019,,3DD.0077655FC6 ,MidColSthd_abvJDA,539.187.072.024,2017,1,1,1
2019,,3DD.0077755B08 ,MidColSthd_abvJDA,539.248.002,2017,1,1,1
2019,,3DD.007749E44E ,MidColSthd_abvJDA,539.271.010,2016,1,1,1
2019,,3DD.00778926DD ,MidColSthd_abvJDA,539.271.010,2017,1,1,1
2019,,3DD.007747C98A ,MidColSthd_abvJDA,539.271.013,2016,1,1,1
2019,,3DD.007788D8F7 ,MidColSthd_abvJDA,539.274.014,2017,1,1,1
2019,,3DD.00778864BB ,MidColSthd_abvJDA,539.284.017.001,2017,1,1,1
2019,,3DD.00778932CB ,MidColSthd_abvJDA,539.284.017.004,2017,1,1,1
2019,,3DD.007789F143 ,MidColSthd_abvJDA,539.284.017.004,2017,1,1,1
2019,,3DD.007789587D ,MidColSthd_abvJDA,539.284.020.004,2017,1,1,1
2020,,3DD.0077AF1613 ,MidColSthd_abvJDA,351.134.001,2018,1,1,1
2020,,3DA.1A19B189E0 ,MidColSthd_abvJDA,351.134.001,2018,1,0,0
2020,,384.1B79748280 ,MidColSthd_abvJDA,351.134.018,2018,1,1,1
2020,,3DA.1A19B18AD0 ,MidColSthd_abvJDA,351.134.019,2018,1,1,1
2020,,3DD.00778ECE7B ,MidColSthd_abvJDA,351.218.003,2017,1,1,1
2020,,3DD.00778E9847 ,MidColSthd_abvJDA,351.218.008,2017,1,1,1
2020,,3DD.00778EBEE6 ,MidColSthd_abvJDA,351.218.009.012,2017,1,1,1
2020,,3DD.007762592F ,MidColSthd_abvJDA,351.218.015,2016,1,1,1
2020,,3DD.00778E8614 ,MidColSthd_abvJDA,351.218.015,2017,1,1,1
2020,,3DD.007759BC59 ,MidColSthd_abvJDA,351.218.015,2017,1,1,0
2020,,3DD.007760845B ,MidColSthd_abvJDA,351.218.017,2017,1,1,1
2020,,3DA.1A19B31583 ,MidColSthd_abvJDA,351.218.019,2016,1,1,1
2020,,3DD.007759B5B4 ,MidColSthd_abvJDA,351.218.022.001,2017,1,1,1
2020,,3DD.007761DDA2 ,MidColSthd_abvJDA,351.218.023,2017,1,1,0
2020,,3DD.0077580A36 ,MidColSthd_abvJDA,351.218.023,2017,1,1,1
2020,,3DA.1A19B30DD4 ,MidColSthd_abvJDA,351.218.026,2016,1,1,0
2020,,3DD.00775A01EC ,MidColSthd_abvJDA,351.218.026,2017,1,1,1
2020,,3DD.00775831F9 ,MidColSthd_abvJDA,351.218.026,2017,1,1,1
2020,,3DD.007761796E ,MidColSthd_abvJDA,351.218.026,2017,1,0,0
2020,,3DD.0077C8A771 ,MidColSthd_abvJDA,351.298.052.024,2018,1,1,1
2020,,3DD.0077C885FB ,MidColSthd_abvJDA,351.298.052.024,2018,1,1,0
2020,,3DD.0077C8F37E ,MidColSthd_abvJDA,351.298.052.024,2018,1,1,1
2020,,3DD.0077C759F7 ,MidColSthd_abvJDA,351.298.052.024,2018,1,1,1
2020,,3DD.0077C80492 ,MidColSthd_abvJDA,351.298.052.024,2018,1,1,1
2020,,3DD.0077C778B8 ,MidColSthd_abvJDA,351.298.052.024,2018,1,1,1
2020,,3DD.0077C8FFDE ,MidColSthd_abvJDA,351.298.052.024,2018,1,1,0
2020,,3DD.0077C7BC5F ,MidColSthd_abvJDA,351.298.052.024,2018,1,1,1
2020,,3DD.0077C8A27D ,MidColSthd_abvJDA,351.298.052.024,2018,1,1,1
2020,,3DD.0077C75FDE ,MidColSthd_abvJDA,351.298.052.024,2018,1,1,1
2020,,3DD.0077C8F169 ,MidColSthd_abvJDA,351.298.052.024,2018,1,1,1
2020,,3DD.0077C76949 ,MidColSthd_abvJDA,351.298.052.024,2018,1,0,0
2020,,3DD.0077C91190 ,MidColSthd_abvJDA,351.298.052.024,2018,1,0,0
2020,,3DD.0077C7EB46 ,MidColSthd_abvJDA,351.298.052.024,2018,1,1,1
2020,,3DD.0077C773EC ,MidColSthd_abvJDA,351.298.052.024,2018,1,1,1
2020,,3DD.0077C759E3 ,MidColSthd_abvJDA,351.298.052.024,2018,1,1,1
2020,,3DD.0077C8A7AB ,MidColSthd_abvJDA,351.298.052.024,2018,1,1,1
2020,,3DD.0077C8DB68 ,MidColSthd_abvJDA,351.298.052.024,2018,1,1,0
2020,,3DD.0077C93031 ,MidColSthd_abvJDA,351.298.052.024,2018,1,1,1
2020,,3DD.0077AB3D47 ,MidColSthd_abvJDA,351.298.052.076.002,2018,1,1,1
2020,,3DD.0077B8DD60 ,MidColSthd_abvJDA,351.341.010,2017,1,1,1
2020,,3DD.0077C8E805 ,MidColSthd_abvJDA,351.341.010,2018,1,1,1
2020,,3DD.0077CF43E6 ,MidColSthd_abvJDA,351.341.010,2018,1,1,0
2020,,3DD.0077C7925B ,MidColSthd_abvJDA,351.341.010,2018,1,1,1
2020,,3DD.0077C90230 ,MidColSthd_abvJDA,351.341.010,2018,1,1,1
2020,,3DD.003C0216F8 ,MidColSthd_abvJDA,351.341.010,2018,1,1,1
2020,,3DD.0077C927CF ,MidColSthd_abvJDA,351.341.010,2018,1,1,1
2020,,384.1B797487E5 ,MidColSthd_abvJDA,351.341.010,2018,1,1,1
2020,,3DD.0077C8D452 ,MidColSthd_abvJDA,351.341.010,2018,1,1,1
2020,,3DD.0077C89E7D ,MidColSthd_abvJDA,351.341.010,2018,1,1,1
2020,,3DD.0077D0875A ,MidColSthd_abvJDA,351.341.010,2018,1,1,1
2020,,384.1B79748576 ,MidColSthd_abvJDA,351.341.010,2018,1,1,1
2020,,3DA.1A19B15A41 ,MidColSthd_abvJDA,351.341.010,2018,1,1,0
2020,,3DD.0077CDEAF5 ,MidColSthd_abvJDA,351.341.010,2018,1,1,1
2020,,3DD.0077D0426D ,MidColSthd_abvJDA,351.341.010,2018,1,1,1
2020,,3DD.0077C8F164 ,MidColSthd_abvJDA,351.341.010,2018,1,1,1
2020,,3DD.0077C78558 ,MidColSthd_abvJDA,351.341.010,2018,1,1,1
2020,,3DD.0077C8E86A ,MidColSthd_abvJDA,351.341.010,2018,1,1,1
2020,,3DD.0077C87B9F ,MidColSthd_abvJDA,351.341.010,2018,1,1,1
2020,,3DD.0077C8994A ,MidColSthd_abvJDA,351.341.010,2018,1,1,1
2020,,3DD.0077C7C5A8 ,MidColSthd_abvJDA,351.341.010,2018,1,1,0
2020,,3DD.00778EDCF6 ,MidColSthd_abvJDA,351.341.027.010,2017,1,1,1
2020,,3DD.0077B9C609 ,MidColSthd_abvJDA,465.008,2018,1,0,0
2020,,3DD.0077AFE512 ,MidColSthd_abvJDA,465.008,2018,1,1,1
2020,,3DD.0077BACCD3 ,MidColSthd_abvJDA,465.008,2018,1,1,1
2020,,3DD.0077BA75FA ,MidColSthd_abvJDA,465.008,2018,1,0,0
2020,,3DD.0077BAAC67 ,MidColSthd_abvJDA,465.008,2018,1,1,1
2020,,3DD.0077BAC4E5 ,MidColSthd_abvJDA,465.008,2018,1,1,1
2020,,3DD.0077AFE64C ,MidColSthd_abvJDA,465.008,2018,1,1,1
2020,,3DD.0077A22612 ,MidColSthd_abvJDA,465.008,2018,1,1,1
2020,,3DD.0077AFBE0F ,MidColSthd_abvJDA,465.008,2018,1,0,0
2020,,3DD.0077BB8DA0 ,MidColSthd_abvJDA,465.008,2018,1,1,1
2020,,3DD.0077A1D6E0 ,MidColSthd_abvJDA,465.008,2018,1,1,1
2020,,3DD.0077B01A61 ,MidColSthd_abvJDA,465.008,2018,1,1,1
2020,,3DD.0077B9C53D ,MidColSthd_abvJDA,465.008,2018,1,1,1
2020,,3DD.0077BB8E36 ,MidColSthd_abvJDA,465.008,2018,1,1,1
2020,,3DD.0077AFD7C1 ,MidColSthd_abvJDA,465.008,2018,1,1,1
2020,,3DD.0077AFAE59 ,MidColSthd_abvJDA,465.008,2018,1,1,1
2020,,3DD.0077C7DD7A ,MidColSthd_abvJDA,465.077.001,2018,1,1,1
2020,,3DD.0077C6BD3F ,MidColSthd_abvJDA,465.077.001,2018,1,0,0
2020,,3DD.0077C738D2 ,MidColSthd_abvJDA,465.077.001,2018,1,1,1
2020,,3DD.0077C882BA ,MidColSthd_abvJDA,465.077.001,2018,1,1,1
2020,,3DD.0077C721EB ,MidColSthd_abvJDA,465.077.001,2018,1,0,1
2020,,3DD.0077C812EA ,MidColSthd_abvJDA,465.077.001,2018,1,1,0
2020,,3DD.0077B678F2 ,MidColSthd_abvJDA,465.077.001,2018,1,1,1
2020,,3DD.00778EDF75 ,MidColSthd_abvJDA,465.090,2018,1,1,1
2020,,3DD.0077826DCD ,MidColSthd_abvJDA,465.090,2018,1,1,1
2020,,3DD.00778EEDBA ,MidColSthd_abvJDA,465.090,2018,1,1,1
2020,,3DD.007782543A ,MidColSthd_abvJDA,465.090,2018,1,1,1
2020,,3DD.003BDD8A11 ,MidColSthd_abvJDA,465.113,2018,1,0,0
2020,,3DD.0077ABA703 ,MidColSthd_abvJDA,465.127.003,2017,1,0,0
2020,,3DD.0077BA8D10 ,MidColSthd_abvJDA,465.127.003,2018,1,0,0
2020,,3DD.0077BA3AD0 ,MidColSthd_abvJDA,465.127.003,2018,1,1,1
2020,,3DD.0077BA6645 ,MidColSthd_abvJDA,465.127.003,2018,1,1,1
2020,,3DD.0077D14AA1 ,MidColSthd_abvJDA,465.127.003,2018,1,1,1
2020,,3DD.0077BB1D6F ,MidColSthd_abvJDA,465.128,2018,1,1,1
2020,,3DD.0077B9C42F ,MidColSthd_abvJDA,465.128,2018,1,0,1
2020,,3DD.0077BA1668 ,MidColSthd_abvJDA,465.128,2018,1,1,1
2020,,3DD.0077B9C3DB ,MidColSthd_abvJDA,465.128,2018,1,1,1
2020,,3DD.0077B8AAB6 ,MidColSthd_abvJDA,509.035.051,2018,1,0,0
2020,,3DD.007739F7EF ,MidColSthd_abvJDA,509.035.051,2018,1,1,1
2020,,3DD.0077D829B1 ,MidColSthd_abvJDA,509.035.051,2018,1,0,0
2020,,3DD.0077B7D090 ,MidColSthd_abvJDA,509.035.051,2018,1,1,1
2020,,3DD.0077B8EA91 ,MidColSthd_abvJDA,509.035.051,2018,1,1,1
2020,,3DD.0077B8CBDA ,MidColSthd_abvJDA,509.035.051,2018,1,1,1
2020,,3DD.0077D8AB73 ,MidColSthd_abvJDA,509.035.051,2018,1,1,1
2020,,3DD.007786EFCB ,MidColSthd_abvJDA,509.035.051,2018,1,1,1
2020,,3DD.00773A3177 ,MidColSthd_abvJDA,509.035.051,2018,1,1,1
2020,,3DD.00773A0277 ,MidColSthd_abvJDA,509.035.051,2018,1,1,1
2020,,3DD.00773A3195 ,MidColSthd_abvJDA,509.035.051,2018,1,1,1
2020,,3DD.0077B7CA8F ,MidColSthd_abvJDA,509.035.051,2018,1,1,1
2020,,3DD.003BF75EDD ,MidColSthd_abvJDA,509.035.087,2017,1,1,1
2020,,3DD.007780DFA5 ,MidColSthd_abvJDA,509.035.087,2018,1,1,1
2020,,3DD.0077D8D69A ,MidColSthd_abvJDA,509.035.087,2018,1,0,0
2020,,3DD.0077D88C8D ,MidColSthd_abvJDA,509.035.087,2018,1,1,1
2020,,3DD.007780C3CF ,MidColSthd_abvJDA,509.035.087,2018,1,1,1
2020,,3DD.00779DF1A7 ,MidColSthd_abvJDA,509.035.087,2018,1,1,1
2020,,3DD.0077802215 ,MidColSthd_abvJDA,509.035.087,2018,1,1,1
2020,,3DD.00779E3976 ,MidColSthd_abvJDA,509.035.087,2018,1,1,1
2020,,3DD.00779DFA0D ,MidColSthd_abvJDA,509.035.087,2018,1,1,1
2020,,3DD.0077D85C6E ,MidColSthd_abvJDA,509.035.087,2018,1,1,0
2020,,3DD.007780D07D ,MidColSthd_abvJDA,509.035.087,2018,1,1,1
2020,,3DD.00779E5E8A ,MidColSthd_abvJDA,509.035.087,2018,1,1,1
2020,,3DD.00778CCD51 ,MidColSthd_abvJDA,509.035.087,2018,1,1,1
2020,,3DD.0077D89776 ,MidColSthd_abvJDA,509.035.087,2018,1,1,1
2020,,3DD.00778D0946 ,MidColSthd_abvJDA,509.035.087,2018,1,1,1
2020,,3DD.0077D863D7 ,MidColSthd_abvJDA,509.035.087,2018,1,0,0
2020,,3DD.00779E0426 ,MidColSthd_abvJDA,509.035.087,2018,1,1,1
2020,,3DD.0077809495 ,MidColSthd_abvJDA,509.035.087,2018,1,1,1
2020,,3DD.00778CBC00 ,MidColSthd_abvJDA,509.035.087,2018,1,1,1
2020,,3DD.0077D869F6 ,MidColSthd_abvJDA,509.035.087,2018,1,1,1
2020,,3DD.007780DF0D ,MidColSthd_abvJDA,509.035.087,2018,1,1,1
2020,,3DD.00778037F0 ,MidColSthd_abvJDA,509.035.087,2018,1,1,1
2020,,3DD.0077D8640E ,MidColSthd_abvJDA,509.035.087,2018,1,0,0
2020,,3DD.0077812C72 ,MidColSthd_abvJDA,509.035.087,2018,1,1,1
2020,,3DD.00779E3935 ,MidColSthd_abvJDA,509.035.087,2018,1,1,1
2020,,3DD.007780358F ,MidColSthd_abvJDA,509.035.087,2018,1,1,1
2020,,3DD.00779E2D09 ,MidColSthd_abvJDA,509.035.087,2018,1,1,0
2020,,3DD.00779DD58A ,MidColSthd_abvJDA,509.035.087,2018,1,1,0
2020,,3DD.00779E6E3E ,MidColSthd_abvJDA,509.035.087,2018,1,1,1
2020,,3DD.007794532C ,MidColSthd_abvJDA,539.112.031.030,2018,1,1,1
2020,,3DD.00779473EE ,MidColSthd_abvJDA,539.112.031.030,2018,1,0,0
2020,,3DD.0077776A22 ,MidColSthd_abvJDA,539.130.048,2018,1,1,1
2020,,3DD.0077797F5A ,MidColSthd_abvJDA,539.130.048,2018,1,1,1
2020,,3DD.00777A21C8 ,MidColSthd_abvJDA,539.130.048,2018,1,1,1
2020,,3DD.0077790DBA ,MidColSthd_abvJDA,539.130.048,2018,1,1,1
2020,,3DD.0077778FF8 ,MidColSthd_abvJDA,539.130.048,2018,1,1,1
2020,,3DD.0077AE9FD3 ,MidColSthd_abvJDA,539.172.034,2018,1,1,0
2020,,3DD.0077B66CA8 ,MidColSthd_abvJDA,539.187.022,2018,1,1,1
2020,,3DD.007783579B ,MidColSthd_abvJDA,539.187.024,2018,1,1,0
2020,,3DD.0077A9CC42 ,MidColSthd_abvJDA,539.187.028.003,2018,1,1,0
2020,,3DD.007764ADF7 ,MidColSthd_abvJDA,539.187.028.007,2017,1,1,1
2020,,3DD.00778435FB ,MidColSthd_abvJDA,539.187.035,2018,1,0,0
2020,,3DD.007765261D ,MidColSthd_abvJDA,539.187.038,2017,1,1,1
2020,,3DD.0077BC3A6C ,MidColSthd_abvJDA,539.187.045.001,2018,1,1,1
2020,,3DD.00777DA736 ,MidColSthd_abvJDA,539.187.045.003,2017,1,1,1
2020,,3DD.0077B5E79F ,MidColSthd_abvJDA,539.187.047.005,2018,1,1,1
2020,,3DD.00779223D6 ,MidColSthd_abvJDA,539.187.051,2018,1,1,1
2020,,3DD.0077925785 ,MidColSthd_abvJDA,539.187.053,2018,1,1,1
2020,,3DD.0077B6241C ,MidColSthd_abvJDA,539.187.054.002,2018,1,1,1
2020,,3DD.00776389D7 ,MidColSthd_abvJDA,539.187.058,2017,1,1,1
2020,,3DD.0077AEEA83 ,MidColSthd_abvJDA,539.187.072,2018,1,1,1
2020,,3DD.0077B5DD15 ,MidColSthd_abvJDA,539.187.072.005,2018,1,1,1
2020,,3DD.0077BC77C1 ,MidColSthd_abvJDA,539.187.072.005,2018,1,1,1
2020,,3DD.0077B658C9 ,MidColSthd_abvJDA,539.187.072.015,2018,1,1,1
2020,,3DD.007765AB12 ,MidColSthd_abvJDA,539.187.072.024,2017,1,1,1
2020,,3DD.0077ADFCEE ,MidColSthd_abvJDA,539.187.072.026,2018,1,1,1
2020,,3DD.0077B8AE5F ,MidColSthd_abvJDA,539.271.007,2018,1,1,1
2020,,3DD.0077B8BAF5 ,MidColSthd_abvJDA,539.271.009,2018,1,1,1
2020,,3DD.0077B921C0 ,MidColSthd_abvJDA,539.271.015,2018,1,1,1
2020,,3DD.0077B8AD4B ,MidColSthd_abvJDA,539.274.006,2018,1,1,1
2020,,3DD.0077B88837 ,MidColSthd_abvJDA,539.284.015,2018,1,1,1
2020,,3DD.0077B8A04A ,MidColSthd_abvJDA,539.284.017.007,2018,1,1,1
2020,,3DD.0077AFB406 ,MidColSthd_abvJDA,539.284.017.010.001,2018,1,1,1
2020,,3DD.0077B8A0CB ,MidColSthd_abvJDA,539.284.020.005,2018,1,1,0
2020,,3DD.0077B8ADF8 ,MidColSthd_abvJDA,539.284.020.008,2018,1,1,1
2021,,3DD.003D311AFB ,MidColSthd_abvJDA,351.134,2019,1,1,1
2021,,3DD.003D31193D ,MidColSthd_abvJDA,351.134.007,2019,1,0,0
2021,,3DA.1A19B40DA1 ,MidColSthd_abvJDA,351.218.026,2018,1,1,1
2021,,3DD.003D312041 ,MidColSthd_abvJDA,351.298.025,2019,1,1,1
2021,,3DD.0077C7CBBE ,MidColSthd_abvJDA,351.298.052.024,2018,1,0,0
2021,,3DD.0077BD6E62 ,MidColSthd_abvJDA,351.298.052.024,2019,1,0,0
2021,,3DD.003C0746BF ,MidColSthd_abvJDA,351.298.052.076.005,2019,1,1,1
2021,,3DD.003C075FB4 ,MidColSthd_abvJDA,351.298.052.076.005,2019,1,1,1
2021,,3DD.0077BD10E4 ,MidColSthd_abvJDA,351.341.010,2019,1,0,0
2021,,3DD.0077BDD5C7 ,MidColSthd_abvJDA,351.341.010,2019,1,1,1
2021,,3DD.00778E7E29 ,MidColSthd_abvJDA,351.341.027.010,2017,1,0,0
2021,,3DD.0077C74337 ,MidColSthd_abvJDA,351.345,2019,1,1,1
2021,,3DD.0077BCD4EA ,MidColSthd_abvJDA,351.345,2019,1,0,1
2021,,3DD.0077C737E9 ,MidColSthd_abvJDA,351.345,2019,1,1,1
2021,,3DD.0077BD32AE ,MidColSthd_abvJDA,351.345,2019,1,1,0
2021,,3DD.0077BEB96D ,MidColSthd_abvJDA,465.077.001,2019,1,1,1
2021,,3DD.0077BF08E4 ,MidColSthd_abvJDA,465.077.001,2019,1,1,1
2021,,3DD.0077D8CEA7 ,MidColSthd_abvJDA,465.128,2019,1,1,0
2021,,3DD.0077679509 ,MidColSthd_abvJDA,509.035.051,2019,1,1,1
2021,,3DD.0077D91805 ,MidColSthd_abvJDA,509.035.051,2019,1,1,1
2021,,3DD.0077D9769A ,MidColSthd_abvJDA,509.035.051,2019,1,1,1
2021,,3DD.007766C5B1 ,MidColSthd_abvJDA,509.035.051,2019,1,1,1
2021,,3DD.0077D831F3 ,MidColSthd_abvJDA,509.035.051,2019,1,1,1
2021,,3DD.007767EAAD ,MidColSthd_abvJDA,509.035.051,2019,1,1,1
2021,,3DD.0077670AA9 ,MidColSthd_abvJDA,509.035.051,2019,1,1,1
2021,,3DD.007774CD73 ,MidColSthd_abvJDA,509.035.087,2019,1,1,1
2021,,3DD.007770CE3B ,MidColSthd_abvJDA,509.035.087,2019,1,0,0
2021,,3DD.00776EF7C8 ,MidColSthd_abvJDA,509.035.087,2019,1,1,1
2021,,3DD.0077C3DE24 ,MidColSthd_abvJDA,509.035.087,2019,1,1,1
2021,,3DD.00777274A1 ,MidColSthd_abvJDA,509.035.087,2019,1,1,0
2021,,3DD.007775F7E3 ,MidColSthd_abvJDA,509.035.087,2019,1,1,1
2021,,3DD.00777B1F26 ,MidColSthd_abvJDA,509.035.087,2019,1,1,1
2021,,3DD.007772EE1C ,MidColSthd_abvJDA,509.035.087,2019,1,1,1
2021,,3DD.0077CBA4A3 ,MidColSthd_abvJDA,509.035.087,2019,1,1,1
2021,,3DD.0077751F3C ,MidColSthd_abvJDA,509.035.087,2019,1,0,0
2021,,3DD.007775B8D4 ,MidColSthd_abvJDA,509.035.087,2019,1,1,1
2021,,3DD.0077CA9E3D ,MidColSthd_abvJDA,509.035.087,2019,1,0,0
2021,,3DD.0077C42017 ,MidColSthd_abvJDA,509.035.087,2019,1,1,1
2021,,3DD.0077758FA4 ,MidColSthd_abvJDA,509.035.087,2019,1,1,1
2021,,3DD.0077CB5E82 ,MidColSthd_abvJDA,509.035.087,2019,1,1,1
2021,,3DD.007774C4B0 ,MidColSthd_abvJDA,509.035.087,2019,1,1,1
2021,,3DD.0077B6021B ,MidColSthd_abvJDA,509.054.005,2019,1,1,1
2021,,3DD.0077ADF3E0 ,MidColSthd_abvJDA,509.061,2019,1,1,1
2021,,3DD.0077ADE107 ,MidColSthd_abvJDA,539.172.037.006,2018,1,0,0
2021,,3DD.00775F6256 ,MidColSthd_abvJDA,539.176,2019,1,0,0
2021,,3DD.0077AE5F61 ,MidColSthd_abvJDA,539.187.057,2018,1,1,1
2022,,3DD.003D311B82 ,MidColSthd_abvJDA,351.134,2020,1,1,1
2022,,3DD.003D3116E4 ,MidColSthd_abvJDA,351.134.008,2020,1,1,1
2022,,3DD.0077D79CDE ,MidColSthd_abvJDA,351.298.025.036,2020,1,1,1
2022,,3DD.0077DC5E87 ,MidColSthd_abvJDA,351.298.052.024,2020,1,1,1
2022,,3DD.0077BD8478 ,MidColSthd_abvJDA,351.298.052.024,2020,1,1,1
2022,,3DD.003D460C7E ,MidColSthd_abvJDA,351.298.052.024,2020,1,1,1
2022,,3DD.003D460CD1 ,MidColSthd_abvJDA,351.298.052.024,2020,1,1,1
2022,,3DD.0077DC79A7 ,MidColSthd_abvJDA,351.298.052.024,2020,1,1,1
2022,,3DD.003C076419 ,MidColSthd_abvJDA,351.298.052.076.017,2020,1,1,1
2022,,3DD.003D4600D9 ,MidColSthd_abvJDA,351.341.010,2020,1,1,1
2022,,3DD.003D4603E7 ,MidColSthd_abvJDA,351.341.010,2020,1,1,1
2022,,3DD.0077DC500A ,MidColSthd_abvJDA,351.341.010,2020,1,1,1
2022,,3DD.003D460255 ,MidColSthd_abvJDA,351.341.010,2020,1,1,1
2022,,3DD.0077BDA47C ,MidColSthd_abvJDA,351.341.010,2020,1,1,1
2022,,3DD.0077BD305E ,MidColSthd_abvJDA,351.341.010,2020,1,1,1
2022,,3DD.003D4601AA ,MidColSthd_abvJDA,351.341.010,2020,1,1,1
2022,,3DD.0077BD6A78 ,MidColSthd_abvJDA,351.341.010,2020,1,1,1
2022,,3DD.003D4603E5 ,MidColSthd_abvJDA,351.341.010,2020,1,1,1
2022,,3DD.003D460271 ,MidColSthd_abvJDA,351.341.010,2020,1,1,1
2022,,3DD.003D460264 ,MidColSthd_abvJDA,351.341.010,2020,1,1,1
2022,,3DD.003D4601BB ,MidColSthd_abvJDA,351.341.010,2020,1,1,1
2022,,3DD.003D46032F ,MidColSthd_abvJDA,351.341.010,2020,1,1,1
2022,,3DD.003D460489 ,MidColSthd_abvJDA,351.341.010,2020,1,1,1
2022,,3DD.003D4604EF ,MidColSthd_abvJDA,351.341.010,2020,1,1,1
2022,,3DD.0077BD83B3 ,MidColSthd_abvJDA,351.341.010,2020,1,1,1
2022,,3DD.003D4601DE ,MidColSthd_abvJDA,351.341.010,2020,1,1,1
2022,,3DD.003D460203 ,MidColSthd_abvJDA,351.341.010,2020,1,1,1
2022,,3DD.0077BD4AA1 ,MidColSthd_abvJDA,351.341.010,2020,1,1,1
2022,,3DD.003D4603A5 ,MidColSthd_abvJDA,351.341.010,2020,1,1,1
2022,,3DD.0077BD0A66 ,MidColSthd_abvJDA,351.341.010,2020,1,1,1
2022,,3DD.0077BD3D7F ,MidColSthd_abvJDA,351.345,2020,1,1,1
2022,,3DD.0077BCC733 ,MidColSthd_abvJDA,351.345,2020,1,0,0
2022,,3DD.0077BD343F ,MidColSthd_abvJDA,351.345,2020,1,1,1
2022,,3DD.0077BD1948 ,MidColSthd_abvJDA,351.345,2020,1,1,1
2022,,3DD.0077BD3159 ,MidColSthd_abvJDA,351.345,2020,1,1,0
2022,,3DD.0077BD2404 ,MidColSthd_abvJDA,351.345,2020,1,1,1
2022,,3DD.0077BCF003 ,MidColSthd_abvJDA,351.345,2020,1,1,1
2022,,3DD.0077BCDEA7 ,MidColSthd_abvJDA,351.345,2020,1,1,1
2022,,3DD.0077BD3DC8 ,MidColSthd_abvJDA,351.345,2020,1,0,0
2022,,3DD.0077BCE1E3 ,MidColSthd_abvJDA,351.345,2020,1,1,1
2022,,3DD.0077BCF60F ,MidColSthd_abvJDA,351.345,2020,1,1,0
2022,,3DD.0077BD489F ,MidColSthd_abvJDA,351.345,2020,1,1,1
2022,,3DD.003D6744F3 ,MidColSthd_abvJDA,465,2020,1,1,1
2022,,3DD.003D6743A0 ,MidColSthd_abvJDA,465,2020,1,1,1
2022,,3DD.003D6742F8 ,MidColSthd_abvJDA,465,2020,1,1,1
2022,,3DD.003D6744D9 ,MidColSthd_abvJDA,465,2020,1,0,0
2022,,3DD.003D6743CA ,MidColSthd_abvJDA,465,2020,1,1,1
2022,,3DD.003D674834 ,MidColSthd_abvJDA,465,2020,1,0,0
2022,,3DD.003D674884 ,MidColSthd_abvJDA,465,2020,1,1,0
2022,,3DD.003D674530 ,MidColSthd_abvJDA,465,2020,1,1,1
2022,,3DD.003D67443A ,MidColSthd_abvJDA,465,2020,1,1,1
2022,,3DD.003D930665 ,MidColSthd_abvJDA,465,2020,1,1,1
2022,,3DD.003D67461E ,MidColSthd_abvJDA,465,2020,1,1,1
2022,,3DD.003D674451 ,MidColSthd_abvJDA,465,2020,1,1,1
2022,,3DD.003D9304AF ,MidColSthd_abvJDA,465,2020,1,0,0
2022,,3DD.003D674348 ,MidColSthd_abvJDA,465,2020,1,1,1
2022,,3DD.003D674338 ,MidColSthd_abvJDA,465,2020,1,1,1
2022,,3DD.003D9305C3 ,MidColSthd_abvJDA,465,2020,1,1,1
2022,,3DD.003D6743FD ,MidColSthd_abvJDA,465,2020,1,1,1
2022,,3DD.003D6745F7 ,MidColSthd_abvJDA,465,2020,1,1,1
2022,,3DD.003D6741F5 ,MidColSthd_abvJDA,465,2020,1,1,1
2022,,3DD.003D6745ED ,MidColSthd_abvJDA,465,2020,1,1,1
2022,,3DD.003D67467E ,MidColSthd_abvJDA,465,2020,1,1,1
2022,,3DD.003D674397 ,MidColSthd_abvJDA,465,2020,1,1,1
2022,,3DD.003D67444A ,MidColSthd_abvJDA,465,2020,1,1,0
2022,,3DD.003D93048B ,MidColSthd_abvJDA,465,2020,1,0,0
2022,,3DD.003D67489D ,MidColSthd_abvJDA,465,2020,1,1,1
2022,,3DD.003D674505 ,MidColSthd_abvJDA,465,2020,1,1,1
2022,,3DD.003D930575 ,MidColSthd_abvJDA,465,2020,1,1,1
2022,,3DD.003D67463E ,MidColSthd_abvJDA,465,2020,1,0,0
2022,,3DD.003D9305B8 ,MidColSthd_abvJDA,465,2020,1,1,1
2022,,3DD.003D6744DB ,MidColSthd_abvJDA,465,2020,1,1,1
2022,,3DD.003D9304B5 ,MidColSthd_abvJDA,465,2020,1,1,1
2022,,3DD.0077BF1896 ,MidColSthd_abvJDA,465.005,2020,1,1,1
2022,,3DD.003D67495D ,MidColSthd_abvJDA,465.008,2020,1,1,1
2022,,3DD.003D93071B ,MidColSthd_abvJDA,465.008,2020,1,1,1
2022,,3DD.003D674900 ,MidColSthd_abvJDA,465.008,2020,1,1,1
2022,,3DD.003D930391 ,MidColSthd_abvJDA,465.008,2020,1,1,1
2022,,3DD.003D6747B9 ,MidColSthd_abvJDA,465.008,2020,1,1,1
2022,,3DD.003D9308DC ,MidColSthd_abvJDA,465.008,2020,1,1,1
2022,,3DD.003D67495F ,MidColSthd_abvJDA,465.008,2020,1,1,1
2022,,3DD.003D6748FF ,MidColSthd_abvJDA,465.008,2020,1,1,1
2022,,3DD.003D9303EC ,MidColSthd_abvJDA,465.008,2020,1,1,0
2022,,3DD.003D92FB58 ,MidColSthd_abvJDA,465.077.001,2020,1,1,0
2022,,3DD.0077BF1912 ,MidColSthd_abvJDA,465.077.001,2020,1,1,1
2022,,3DD.0077C1832D ,MidColSthd_abvJDA,465.077.001,2020,1,1,1
2022,,3DD.003D930117 ,MidColSthd_abvJDA,465.077.001,2020,1,1,1
2022,,3DD.0077BF21D1 ,MidColSthd_abvJDA,465.077.001,2020,1,1,1
2022,,3DD.003D9302AC ,MidColSthd_abvJDA,465.077.001,2020,1,1,1
2022,,3DD.0077BE9AC2 ,MidColSthd_abvJDA,465.077.001,2020,1,1,1
2022,,3DD.0077BED634 ,MidColSthd_abvJDA,465.077.001,2020,1,1,0
2022,,3DD.003D930268 ,MidColSthd_abvJDA,465.077.001,2020,1,1,1
2022,,3DD.003D92FFAE ,MidColSthd_abvJDA,465.077.001,2020,1,0,0
2022,,3DD.003D92FB7A ,MidColSthd_abvJDA,465.077.001,2020,1,0,0
2022,,3DD.003D92F9FE ,MidColSthd_abvJDA,465.077.001,2020,1,1,1
2022,,3DD.0077C19CC5 ,MidColSthd_abvJDA,465.077.001,2020,1,1,1
2022,,3DD.003D92FC73 ,MidColSthd_abvJDA,465.077.001,2020,1,0,0
2022,,3DD.003D930083 ,MidColSthd_abvJDA,465.077.001,2020,1,1,1
2022,,3DD.0077BED622 ,MidColSthd_abvJDA,465.077.001,2020,1,1,1
2022,,3DD.0077BF098F ,MidColSthd_abvJDA,465.077.001,2020,1,1,1
2022,,3DD.003D93015D ,MidColSthd_abvJDA,465.077.001,2020,1,1,1
2022,,3DD.0077BEF102 ,MidColSthd_abvJDA,465.077.001,2020,1,1,1
2022,,3DD.0077BEC49A ,MidColSthd_abvJDA,465.077.001,2020,1,1,1
2022,,3DD.003D9302D7 ,MidColSthd_abvJDA,465.077.001,2020,1,1,1
2022,,3DD.003D930217 ,MidColSthd_abvJDA,465.077.001,2020,1,1,1
2022,,3DD.003D92FE51 ,MidColSthd_abvJDA,465.077.001,2020,1,1,1
2022,,3DD.003D930115 ,MidColSthd_abvJDA,465.077.001,2020,1,1,1
2022,,3DD.0077BEA21B ,MidColSthd_abvJDA,465.077.001,2020,1,1,1
2022,,3DD.003D930124 ,MidColSthd_abvJDA,465.077.001,2020,1,1,1
2022,,3DD.003D92FA1C ,MidColSthd_abvJDA,465.077.001,2020,1,1,1
2022,,3DD.0077BEE07A ,MidColSthd_abvJDA,465.077.001,2020,1,1,1
2022,,3DD.003D92FA8D ,MidColSthd_abvJDA,465.077.001,2020,1,1,1
2022,,3DD.0077C16D23 ,MidColSthd_abvJDA,465.077.001,2020,1,1,1
2022,,3DD.003D93007F ,MidColSthd_abvJDA,465.077.001,2020,1,1,1
2022,,3DD.003D92FCAE ,MidColSthd_abvJDA,465.077.001,2020,1,1,1
2022,,3DD.003D92FE9A ,MidColSthd_abvJDA,465.077.001,2020,1,1,1
2022,,3DD.0077BEC590 ,MidColSthd_abvJDA,465.077.001,2020,1,1,1
2022,,3DD.003D92FD9E ,MidColSthd_abvJDA,465.077.001,2020,1,1,1
2022,,3DD.003D92FB36 ,MidColSthd_abvJDA,465.077.001,2020,1,1,1
2022,,3DD.0077BEFFA4 ,MidColSthd_abvJDA,465.077.001,2020,1,1,1
2022,,3DD.003D9300F6 ,MidColSthd_abvJDA,465.077.001,2020,1,1,1
2022,,3DD.0077BF22F6 ,MidColSthd_abvJDA,465.077.001,2020,1,1,1
2022,,3DD.0077BEA252 ,MidColSthd_abvJDA,465.077.001,2020,1,1,0
2022,,3DD.0077BEBA75 ,MidColSthd_abvJDA,465.077.001,2020,1,1,1
2022,,3DD.0077BEBAD1 ,MidColSthd_abvJDA,465.077.001,2020,1,1,1
2022,,3DD.003D92FF74 ,MidColSthd_abvJDA,465.077.001,2020,1,1,1
2022,,3DD.003D92FAC4 ,MidColSthd_abvJDA,465.077.001,2020,1,0,0
2022,,3DD.0077BEF141 ,MidColSthd_abvJDA,465.077.001,2020,1,1,1
2022,,3DD.003D461562 ,MidColSthd_abvJDA,465.090,2020,1,0,0
2022,,3DD.003D461D47 ,MidColSthd_abvJDA,465.090,2020,1,1,1
2022,,3DD.003D460F77 ,MidColSthd_abvJDA,465.090,2020,1,1,1
2022,,3DD.003D461439 ,MidColSthd_abvJDA,465.090,2020,1,1,1
2022,,3DD.003D461169 ,MidColSthd_abvJDA,465.090,2020,1,1,1
2022,,3DD.003D46136B ,MidColSthd_abvJDA,465.090,2020,1,1,1
2022,,3DD.003D461783 ,MidColSthd_abvJDA,465.090,2020,1,1,1
2022,,3DD.003D46169C ,MidColSthd_abvJDA,465.090,2020,1,1,1
2022,,3DD.003D461495 ,MidColSthd_abvJDA,465.090,2020,1,0,0
2022,,3DD.003D461A87 ,MidColSthd_abvJDA,465.090,2020,1,1,1
2022,,3DD.003D46172C ,MidColSthd_abvJDA,465.090,2020,1,1,1
2022,,3DD.003D46161E ,MidColSthd_abvJDA,465.090,2020,1,0,0
2022,,3DD.003D461605 ,MidColSthd_abvJDA,465.090,2020,1,1,1
2022,,3DD.003D46171D ,MidColSthd_abvJDA,465.090,2020,1,1,1
2022,,3DD.003D4619FA ,MidColSthd_abvJDA,465.090,2020,1,1,1
2022,,3DD.003D46139F ,MidColSthd_abvJDA,465.090,2020,1,1,1
2022,,3DD.003D46137A ,MidColSthd_abvJDA,465.090,2020,1,1,1
2022,,3DD.003D461720 ,MidColSthd_abvJDA,465.090,2020,1,1,1
2022,,3DD.003D460E05 ,MidColSthd_abvJDA,465.090,2020,1,1,1
2022,,3DD.003D461400 ,MidColSthd_abvJDA,465.090,2020,1,0,0
2022,,3DD.003D46109F ,MidColSthd_abvJDA,465.090,2020,1,0,0
2022,,3DD.003D461652 ,MidColSthd_abvJDA,465.090,2020,1,1,1
2022,,3DD.003D460FAA ,MidColSthd_abvJDA,465.090,2020,1,1,1
2022,,3DD.003D460E50 ,MidColSthd_abvJDA,465.090,2020,1,1,1
2022,,3DD.0077D0DB9E ,MidColSthd_abvJDA,465.127.003,2020,1,1,1
2022,,3DD.0077BF0026 ,MidColSthd_abvJDA,465.127.003,2020,1,1,1
2022,,3DD.0077BED25B ,MidColSthd_abvJDA,465.128,2019,1,1,1
2022,,3DD.0077BF0BE7 ,MidColSthd_abvJDA,465.128,2020,1,0,0
2022,,3DD.0077BD8ACC ,MidColSthd_abvJDA,509.035.051,2019,1,1,1
2022,,3DD.0077E51601 ,MidColSthd_abvJDA,509.035.051,2019,1,1,1
2022,,3DD.0077BD1A38 ,MidColSthd_abvJDA,509.035.051,2019,1,1,1
2022,,3DD.0077BD5808 ,MidColSthd_abvJDA,509.035.051,2020,1,1,1
2022,,3DD.0077BD2D22 ,MidColSthd_abvJDA,509.035.051,2020,1,1,1
2022,,3DD.0077BCBBE5 ,MidColSthd_abvJDA,509.035.051,2020,1,1,1
2022,,3DD.0077BDCF23 ,MidColSthd_abvJDA,509.035.051,2020,1,1,1
2022,,3DD.0077BCC568 ,MidColSthd_abvJDA,509.035.051,2020,1,1,1
2022,,3DD.0077BD75BB ,MidColSthd_abvJDA,509.035.051,2020,1,1,1
2022,,3DD.0077BD199B ,MidColSthd_abvJDA,509.035.051,2020,1,1,1
2022,,3DD.0077BDC76E ,MidColSthd_abvJDA,509.035.051,2020,1,0,0
2022,,3DD.0077BCD592 ,MidColSthd_abvJDA,509.035.051,2020,1,1,1
2022,,3DD.0077BD2812 ,MidColSthd_abvJDA,509.035.051,2020,1,0,0
2022,,3DD.007766F954 ,MidColSthd_abvJDA,509.035.051,2020,1,1,1
2022,,3DD.0077BD4597 ,MidColSthd_abvJDA,509.035.051,2020,1,1,0
2022,,3DD.0077BCE24D ,MidColSthd_abvJDA,509.035.051,2020,1,1,1
2022,,3DD.007766AE59 ,MidColSthd_abvJDA,509.035.051,2020,1,1,1
2022,,3DD.0077BD9E0A ,MidColSthd_abvJDA,509.035.051,2020,1,1,1
2022,,3DD.0077BD13F0 ,MidColSthd_abvJDA,509.035.051,2020,1,1,1
2022,,3DD.0077BD21CB ,MidColSthd_abvJDA,509.035.051,2020,1,1,1
2022,,3DD.0077BD3F86 ,MidColSthd_abvJDA,509.035.051,2020,1,1,1
2022,,3DD.0077BCE40B ,MidColSthd_abvJDA,509.035.051,2020,1,1,1
2022,,3DD.0077CAAC3B ,MidColSthd_abvJDA,509.035.087,2019,1,1,0
2022,,3DD.0077D58D8D ,MidColSthd_abvJDA,509.035.087,2020,1,0,1
2022,,3DD.003D3D022C ,MidColSthd_abvJDA,509.035.087,2020,1,1,1
2022,,3DD.003D3CFACE ,MidColSthd_abvJDA,509.035.087,2020,1,1,1
2022,,3DD.003D3CFD55 ,MidColSthd_abvJDA,509.035.087,2020,1,1,1
2022,,3DD.003D3CFCC6 ,MidColSthd_abvJDA,509.035.087,2020,1,1,1
2022,,3DD.003D3CF6F5 ,MidColSthd_abvJDA,509.035.087,2020,1,1,1
2022,,3DD.003D459000 ,MidColSthd_abvJDA,509.035.087,2020,1,1,1
2022,,3DD.003D3D00D5 ,MidColSthd_abvJDA,509.035.087,2020,1,1,1
2022,,3DD.003D3CF823 ,MidColSthd_abvJDA,509.035.087,2020,1,1,1
2022,,3DD.003D3D00E2 ,MidColSthd_abvJDA,509.035.087,2020,1,1,1
2022,,3DD.003D3CFE8D ,MidColSthd_abvJDA,509.035.087,2020,1,1,1
2022,,3DD.003D3CFBCA ,MidColSthd_abvJDA,509.035.087,2020,1,1,1
2022,,3DD.003D3CF3D7 ,MidColSthd_abvJDA,509.035.087,2020,1,1,1
2022,,3DD.003D3D02AA ,MidColSthd_abvJDA,509.035.087,2020,1,1,1
2022,,3DD.003D3CFB92 ,MidColSthd_abvJDA,509.035.087,2020,1,1,1
2022,,3DD.003D3CF9C1 ,MidColSthd_abvJDA,509.035.087,2020,1,1,1
2022,,3DD.003D3CFF89 ,MidColSthd_abvJDA,509.035.087,2020,1,1,1
2022,,3DD.003D3CF95C ,MidColSthd_abvJDA,509.035.087,2020,1,1,1
2022,,3DD.003D3CF5AA ,MidColSthd_abvJDA,509.035.087,2020,1,1,1
2022,,3DD.003D3CF6AC ,MidColSthd_abvJDA,509.035.087,2020,1,1,1
2022,,3DD.003D3CF785 ,MidColSthd_abvJDA,509.035.087,2020,1,0,0
2022,,3DD.003D3CF5EF ,MidColSthd_abvJDA,509.035.087,2020,1,1,0
2022,,3DD.003D3CF70A ,MidColSthd_abvJDA,509.035.087,2020,1,1,1
2022,,3DD.003D3CF7F4 ,MidColSthd_abvJDA,509.035.087,2020,1,1,1
2022,,3DD.0077D1603A ,MidColSthd_abvJDA,509.035.087,2020,1,1,0
2022,,3DD.003D3CF8A2 ,MidColSthd_abvJDA,509.035.087,2020,1,1,1
2022,,3DD.003D3CFAFD ,MidColSthd_abvJDA,509.035.087,2020,1,1,1
2022,,3DD.003D3CFF6C ,MidColSthd_abvJDA,509.035.087,2020,1,1,1
2022,,3DD.003D3CF87B ,MidColSthd_abvJDA,509.035.087,2020,1,1,1
2022,,3DD.003D3CFDCF ,MidColSthd_abvJDA,509.035.087,2020,1,1,1
2022,,3DD.003D3CF395 ,MidColSthd_abvJDA,509.035.087,2020,1,1,1
2022,,3DD.003D3D0134 ,MidColSthd_abvJDA,509.035.087,2020,1,1,1
2022,,3DD.003D3CFDE6 ,MidColSthd_abvJDA,509.035.087,2020,1,0,0
2022,,3DD.003D3CFC18 ,MidColSthd_abvJDA,509.035.087,2020,1,1,1
2022,,3DD.0077C39CD6 ,MidColSthd_abvJDA,509.035.087,2020,1,1,1
2022,,3DD.003D3CFED7 ,MidColSthd_abvJDA,509.035.087,2020,1,1,1
2022,,3DD.003D3D0191 ,MidColSthd_abvJDA,509.035.087,2020,1,1,1
2022,,3DD.003D3CF56E ,MidColSthd_abvJDA,509.035.087,2020,1,1,1
2022,,3DD.003D3CFBAA ,MidColSthd_abvJDA,509.035.087,2020,1,1,1
2022,,3DD.003D3CFE75 ,MidColSthd_abvJDA,509.035.087,2020,1,0,0
2022,,3DD.003D3D020E ,MidColSthd_abvJDA,509.035.087,2020,1,1,1
2022,,3DD.003D3D023A ,MidColSthd_abvJDA,509.035.087,2020,1,1,1
2022,,3DD.003D3CFBE0 ,MidColSthd_abvJDA,509.035.087,2020,1,1,1
2022,,3DD.003D3CF5C7 ,MidColSthd_abvJDA,509.035.087,2020,1,1,1
2022,,3DD.003D3CF8E9 ,MidColSthd_abvJDA,509.035.087,2020,1,1,1
2022,,3DD.003D3CFEBC ,MidColSthd_abvJDA,509.035.087,2020,1,1,1
2022,,3DD.003D3CF671 ,MidColSthd_abvJDA,509.035.087,2020,1,1,1
2022,,3DD.003D3CF706 ,MidColSthd_abvJDA,509.035.087,2020,1,1,1
2022,,3DD.003D3D0081 ,MidColSthd_abvJDA,509.035.087,2020,1,1,1
2022,,3DD.003D3D004F ,MidColSthd_abvJDA,509.035.087,2020,1,1,0
2022,,3DD.003D3CF53D ,MidColSthd_abvJDA,509.035.087,2020,1,1,1
2022,,3DD.003D3CFB33 ,MidColSthd_abvJDA,509.035.087,2020,1,1,1
2022,,3DD.003D3CFD96 ,MidColSthd_abvJDA,509.035.087,2020,1,1,1
2022,,3DD.003D3CF483 ,MidColSthd_abvJDA,509.035.087,2020,1,1,0
2022,,3DD.003D3D0094 ,MidColSthd_abvJDA,509.035.087,2020,1,1,1
2022,,3DD.003D3D0194 ,MidColSthd_abvJDA,509.035.087,2020,1,1,1
2022,,3DD.003D3CF5B9 ,MidColSthd_abvJDA,509.035.087,2020,1,1,1
2022,,3DD.003D3CF793 ,MidColSthd_abvJDA,509.035.087,2020,1,1,1
2022,,3DD.003D3D0160 ,MidColSthd_abvJDA,509.035.087,2020,1,0,0
2022,,3DD.003D3CF601 ,MidColSthd_abvJDA,509.035.087,2020,1,0,0
2022,,3DD.003D3CFB7D ,MidColSthd_abvJDA,509.035.087,2020,1,1,1
2022,,3DD.0077CCAF2A ,MidColSthd_abvJDA,509.035.087,2020,1,0,0
2022,,3DD.003D3CF991 ,MidColSthd_abvJDA,509.035.087,2020,1,1,1
2022,,3DD.003D3CFA49 ,MidColSthd_abvJDA,509.035.087,2020,1,1,0
2022,,3DD.003D3CFCAE ,MidColSthd_abvJDA,509.035.087,2020,1,1,1
2022,,3DD.0077B6EAEC ,MidColSthd_abvJDA,509.061,2020,1,0,0
2022,,3DD.0077C4AF7E ,MidColSthd_abvJDA,509.061,2020,1,1,1
2022,,3DD.003D36DA31 ,MidColSthd_abvJDA,509.061,2020,1,0,0
2022,,3DD.0077B6D126 ,MidColSthd_abvJDA,509.061,2020,1,1,1
2022,,3DD.0077AE1DC6 ,MidColSthd_abvJDA,509.061,2020,1,1,1
2022,,3DD.0077B65765 ,MidColSthd_abvJDA,509.061,2020,1,1,1
2022,,3DD.0077ADDED6 ,MidColSthd_abvJDA,509.061,2020,1,1,1
2022,,3DD.0077ADB724 ,MidColSthd_abvJDA,509.061,2020,1,1,1
2022,,3DD.0077B69E5F ,MidColSthd_abvJDA,509.061,2020,1,1,1
2022,,3DD.0077D228EB ,MidColSthd_abvJDA,539.130.048,2020,1,1,1
2022,,3DD.0077D6054F ,MidColSthd_abvJDA,539.130.048,2020,1,1,1
2022,,3DD.0077BD318F ,MidColSthd_abvJDA,539.187.021,2020,1,1,1
2022,,3DD.0077BCDD48 ,MidColSthd_abvJDA,539.187.024,2020,1,1,1
2022,,3DD.0077BD45BE ,MidColSthd_abvJDA,539.187.045,2020,1,1,1
2022,,3DD.003D2F47FD ,MidColSthd_abvJDA,539.187.045.001,2020,1,1,1
2022,,3DD.0077BD465A ,MidColSthd_abvJDA,539.187.055,2020,1,1,1
2022,,3DD.0077BD2C9C ,MidColSthd_abvJDA,539.187.055,2020,1,1,1
2022,,3DD.0077BCC680 ,MidColSthd_abvJDA,539.187.072.006,2020,1,1,1
2022,,3DD.0077BDE3BE ,MidColSthd_abvJDA,539.187.072.006.001,2020,1,1,0
2022,,3DD.0077BD1F3C ,MidColSthd_abvJDA,539.187.072.011,2020,1,1,1
2022,,3DD.0077BD002D ,MidColSthd_abvJDA,539.274.005,2020,1,1,1
2022,,3DD.0077BD1BFD ,MidColSthd_abvJDA,539.284.016,2020,1,1,1
2022,,3DD.0077DC8741 ,MidColSthd_abvJDA,539.284.017.003,2020,1,1,1
2023,,3DD.003D311B2F ,MidColSthd_abvJDA,351.134,2020,1,1,1
2023,,3DD.003DA252AA ,MidColSthd_abvJDA,351.134,2021,1,1,1
2023,,3DD.003DA24D4F ,MidColSthd_abvJDA,351.134,2021,1,1,1
2023,,3DD.003DA25405 ,MidColSthd_abvJDA,351.134,2021,1,1,1
2023,,3DD.0077D83448 ,MidColSthd_abvJDA,351.298.025.036,2020,1,1,1
2023,,3DD.003D4608F3 ,MidColSthd_abvJDA,351.298.052.024,2021,1,1,0
2023,,3DD.003D460653 ,MidColSthd_abvJDA,351.298.052.024,2021,1,1,1
2023,,3DD.003D46064C ,MidColSthd_abvJDA,351.298.052.024,2021,1,1,1
2023,,3DD.003D460A3B ,MidColSthd_abvJDA,351.298.052.024,2021,1,1,1
2023,,3DD.003D460A60 ,MidColSthd_abvJDA,351.298.052.024,2021,1,1,1
2023,,3DD.003D46085B ,MidColSthd_abvJDA,351.298.052.024,2021,1,1,1
2023,,3DD.003C075FD1 ,MidColSthd_abvJDA,351.298.052.076.004.002,2020,1,1,1
2023,,3DD.003C07462B ,MidColSthd_abvJDA,351.298.052.076.009,2021,1,1,1
2023,,3DD.003C075CED ,MidColSthd_abvJDA,351.298.052.102,2021,1,1,1
2023,,3DD.003C075EB5 ,MidColSthd_abvJDA,351.298.052.102,2021,1,1,1
2023,,3DD.003C075E81 ,MidColSthd_abvJDA,351.298.052.104,2021,1,1,1
2023,,3DD.003C0762FE ,MidColSthd_abvJDA,351.298.052.104.001,2021,1,1,1
2023,,3DD.003D8A4B15 ,MidColSthd_abvJDA,351.298.097.001,2021,1,0,0
2023,,3DD.003D8A4BE9 ,MidColSthd_abvJDA,351.298.097.001,2021,1,1,1
2023,,3DD.003D6EADC0 ,MidColSthd_abvJDA,351.341.010,2021,1,1,1
2023,,3DD.003D63213E ,MidColSthd_abvJDA,351.341.010,2021,1,1,1
2023,,3DD.003D6EB09E ,MidColSthd_abvJDA,351.341.010,2021,1,0,0
2023,,3DD.003D6EAA0E ,MidColSthd_abvJDA,351.341.010,2021,1,1,1
2023,,3DD.003D6EAC41 ,MidColSthd_abvJDA,351.341.010,2021,1,1,1
2023,,3DD.003D631F19 ,MidColSthd_abvJDA,351.341.010,2021,1,1,1
2023,,3DD.003D6EAA0C ,MidColSthd_abvJDA,351.341.010,2021,1,1,1
2023,,3DD.003D6EA99B ,MidColSthd_abvJDA,351.341.010,2021,1,1,1
2023,,3DD.003D6EAF33 ,MidColSthd_abvJDA,351.341.010,2021,1,1,1
2023,,3DD.003D6EAC02 ,MidColSthd_abvJDA,351.341.010,2021,1,1,1
2023,,3DD.003D6EAB91 ,MidColSthd_abvJDA,351.341.010,2021,1,1,1
2023,,3DD.003D632050 ,MidColSthd_abvJDA,351.341.010,2021,1,1,1
2023,,3DD.003D6EAB45 ,MidColSthd_abvJDA,351.341.010,2021,1,1,1
2023,,3DD.003D6EAB57 ,MidColSthd_abvJDA,351.341.010,2021,1,1,1
2023,,3DD.003D6321FE ,MidColSthd_abvJDA,351.341.010,2021,1,1,1
2023,,3DD.003D6EAFEA ,MidColSthd_abvJDA,351.341.010,2021,1,1,1
2023,,3DD.003D631FFC ,MidColSthd_abvJDA,351.341.010,2021,1,0,0
2023,,3DD.003D6EAB94 ,MidColSthd_abvJDA,351.341.010,2021,1,1,1
2023,,3DD.003D6EAEA8 ,MidColSthd_abvJDA,351.341.010,2021,1,1,1
2023,,3DD.003D6EAE4A ,MidColSthd_abvJDA,351.341.010,2021,1,1,1
2023,,3DD.003D6EAD03 ,MidColSthd_abvJDA,351.341.010,2021,1,1,1
2023,,3DD.003D6EABFC ,MidColSthd_abvJDA,351.341.010,2021,1,1,1
2023,,3DD.003D6EAC8C ,MidColSthd_abvJDA,351.341.010,2021,1,0,0
2023,,3DD.003D6EB016 ,MidColSthd_abvJDA,351.341.010,2021,1,1,1
2023,,3DD.003D632136 ,MidColSthd_abvJDA,351.341.010,2021,1,1,1
2023,,3DD.003D6EA86B ,MidColSthd_abvJDA,351.345,2021,1,1,1
2023,,3DD.003D6EA537 ,MidColSthd_abvJDA,351.345,2021,1,1,1
2023,,3DD.003D6EA3AE ,MidColSthd_abvJDA,351.345,2021,1,1,1
2023,,3DD.003D4609E3 ,MidColSthd_abvJDA,351.345,2021,1,1,1
2023,,3DD.003D4607C5 ,MidColSthd_abvJDA,351.345,2021,1,0,0
2023,,3DD.003D631D7D ,MidColSthd_abvJDA,351.345,2021,1,1,1
2023,,3DD.003D631D14 ,MidColSthd_abvJDA,351.345,2021,1,1,1
2023,,3DD.003D6EA55D ,MidColSthd_abvJDA,351.345,2021,1,1,1
2023,,3DD.003D6EA873 ,MidColSthd_abvJDA,351.345,2021,1,1,1
2023,,3DD.003D6EA375 ,MidColSthd_abvJDA,351.345,2021,1,1,1
2023,,3DD.003D6EA652 ,MidColSthd_abvJDA,351.345,2021,1,1,1
2023,,3DD.003D6EA468 ,MidColSthd_abvJDA,351.345,2021,1,1,1
2023,,3DD.003D6EA555 ,MidColSthd_abvJDA,351.345,2021,1,1,1
2023,,3DD.003D6EA56E ,MidColSthd_abvJDA,351.345,2021,1,1,1
2023,,3DD.003D6EA518 ,MidColSthd_abvJDA,351.345,2021,1,1,1
2023,,3DD.003DE139EB ,MidColSthd_abvJDA,465.005,2021,1,1,1
2023,,3DD.003DE13A25 ,MidColSthd_abvJDA,465.005,2021,1,1,1
2023,,3DD.003D95743A ,MidColSthd_abvJDA,465.008,2021,1,1,1
2023,,3DD.003D957226 ,MidColSthd_abvJDA,465.008,2021,1,1,1
2023,,3DD.003DF06791 ,MidColSthd_abvJDA,465.008,2021,1,1,1
2023,,3DD.003D957328 ,MidColSthd_abvJDA,465.008,2021,1,1,1
2023,,3DD.003DF00A0C ,MidColSthd_abvJDA,465.008,2021,1,1,1
2023,,3DD.003D9571B9 ,MidColSthd_abvJDA,465.008,2021,1,1,1
2023,,3DD.003D93F2B2 ,MidColSthd_abvJDA,465.008,2021,1,1,0
2023,,3DD.003D93F012 ,MidColSthd_abvJDA,465.008,2021,1,1,1
2023,,3DD.003D93F1D5 ,MidColSthd_abvJDA,465.008,2021,1,1,1
2023,,3DD.003D93F110 ,MidColSthd_abvJDA,465.008,2021,1,1,1
2023,,3DD.003DF05CE3 ,MidColSthd_abvJDA,465.008,2021,1,1,1
2023,,3DD.003D957187 ,MidColSthd_abvJDA,465.008,2021,1,1,1
2023,,3DD.003D9571BC ,MidColSthd_abvJDA,465.008,2021,1,1,1
2023,,3DD.003D93F315 ,MidColSthd_abvJDA,465.008,2021,1,1,1
2023,,3DD.003D93F27E ,MidColSthd_abvJDA,465.008,2021,1,1,1
2023,,3DD.003D93F0E5 ,MidColSthd_abvJDA,465.008,2021,1,1,0
2023,,3DD.003D93F260 ,MidColSthd_abvJDA,465.008,2021,1,1,1
2023,,3DD.003D93F122 ,MidColSthd_abvJDA,465.008,2021,1,0,0
2023,,3DD.003DF016DD ,MidColSthd_abvJDA,465.008,2021,1,1,1
2023,,3DD.003D957060 ,MidColSthd_abvJDA,465.008,2021,1,1,1
2023,,3DD.003D93F370 ,MidColSthd_abvJDA,465.008,2021,1,0,0
2023,,3DD.0077BF22F6 ,MidColSthd_abvJDA,465.077.001,2020,1,1,1
2023,,3DD.0077BEEE46 ,MidColSthd_abvJDA,465.077.001,2021,1,1,1
2023,,3DD.0077BEB89D ,MidColSthd_abvJDA,465.077.001,2021,1,0,0
2023,,3DD.003D956D35 ,MidColSthd_abvJDA,465.077.001,2021,1,1,1
2023,,3DD.003DF04C9E ,MidColSthd_abvJDA,465.077.001,2021,1,1,1
2023,,3DD.0077BEA390 ,MidColSthd_abvJDA,465.077.001,2021,1,1,1
2023,,3DD.003D956BDB ,MidColSthd_abvJDA,465.077.001,2021,1,1,1
2023,,3DD.003D956A53 ,MidColSthd_abvJDA,465.077.001,2021,1,1,1
2023,,3DD.003DF07A16 ,MidColSthd_abvJDA,465.077.001,2021,1,0,0
2023,,3DD.003DF0666A ,MidColSthd_abvJDA,465.077.001,2021,1,0,0
2023,,3DD.003D956CA0 ,MidColSthd_abvJDA,465.077.001,2021,1,1,1
2023,,3DD.0077BEADA3 ,MidColSthd_abvJDA,465.077.001,2021,1,1,1
2023,,3DD.003DF052C6 ,MidColSthd_abvJDA,465.077.001,2021,1,1,1
2023,,3DD.003D956ABB ,MidColSthd_abvJDA,465.077.001,2021,1,0,0
2023,,3DD.0077C166B5 ,MidColSthd_abvJDA,465.077.001,2021,1,1,1
2023,,3DD.003D7387EF ,MidColSthd_abvJDA,465.090,2021,1,0,0
2023,,3DD.003D738BD0 ,MidColSthd_abvJDA,465.090,2021,1,1,1
2023,,3DD.003D7388B6 ,MidColSthd_abvJDA,465.090,2021,1,0,0
2023,,3DD.003D73884E ,MidColSthd_abvJDA,465.090,2021,1,1,1
2023,,3DD.003D738BB3 ,MidColSthd_abvJDA,465.090,2021,1,1,1
2023,,3DD.003D7388CD ,MidColSthd_abvJDA,465.090,2021,1,1,1
2023,,3DD.003D738A38 ,MidColSthd_abvJDA,465.090,2021,1,0,0
2023,,3DD.003D738C31 ,MidColSthd_abvJDA,465.090,2021,1,0,0
2023,,3DD.003D738C11 ,MidColSthd_abvJDA,465.090,2021,1,1,1
2023,,3DD.003D738016 ,MidColSthd_abvJDA,465.128,2021,1,1,1
2023,,3DD.003D738132 ,MidColSthd_abvJDA,465.128,2021,1,1,1
2023,,3DD.0077BEFEFE ,MidColSthd_abvJDA,465.128,2021,1,1,1
2023,,3DD.0077BCB837 ,MidColSthd_abvJDA,509.035.051,2021,1,1,0
2023,,3DD.0077BCC567 ,MidColSthd_abvJDA,509.035.051,2021,1,1,1
2023,,3DD.0077BD4600 ,MidColSthd_abvJDA,509.035.051,2021,1,0,0
2023,,3DD.0077BD4E0A ,MidColSthd_abvJDA,509.035.051,2021,1,1,1
2023,,3DD.0077BCCFAD ,MidColSthd_abvJDA,509.035.051,2021,1,1,1
2023,,3DD.003D45A380 ,MidColSthd_abvJDA,509.035.051,2021,1,1,1
2023,,3DD.0077BDEE5F ,MidColSthd_abvJDA,509.035.051,2021,1,1,1
2023,,3DD.0077BD3BF2 ,MidColSthd_abvJDA,509.035.051,2021,1,0,0
2023,,3DD.003D45A38D ,MidColSthd_abvJDA,509.035.051,2021,1,1,1
2023,,3DD.0077BCBC1C ,MidColSthd_abvJDA,509.035.051,2021,1,0,0
2023,,3DD.003D3CF5AA ,MidColSthd_abvJDA,509.035.087,2020,1,1,1
2023,,3DD.003D3CFCEB ,MidColSthd_abvJDA,509.035.087,2020,1,0,0
2023,,3DD.003DE5D07B ,MidColSthd_abvJDA,509.035.087,2021,1,1,1
2023,,3DD.003DE5CBE4 ,MidColSthd_abvJDA,509.035.087,2021,1,1,1
2023,,3DD.003DE93788 ,MidColSthd_abvJDA,509.035.087,2021,1,1,1
2023,,3DD.003DE5CC27 ,MidColSthd_abvJDA,509.035.087,2021,1,1,1
2023,,3DD.003DE5CC4E ,MidColSthd_abvJDA,509.035.087,2021,1,1,1
2023,,3DD.003DE5CCA4 ,MidColSthd_abvJDA,509.035.087,2021,1,0,0
2023,,3DD.003DE5CA30 ,MidColSthd_abvJDA,509.035.087,2021,1,1,1
2023,,3DD.003D63F7D8 ,MidColSthd_abvJDA,509.035.087,2021,1,1,1
2023,,3DD.003DE93B73 ,MidColSthd_abvJDA,509.035.087,2021,1,1,1
2023,,3DD.003DE93BCE ,MidColSthd_abvJDA,509.035.087,2021,1,1,1
2023,,3DD.003DE93496 ,MidColSthd_abvJDA,509.035.087,2021,1,0,0
2023,,3DD.003DE5CD3C ,MidColSthd_abvJDA,509.035.087,2021,1,1,1
2023,,3DD.003DE937ED ,MidColSthd_abvJDA,509.035.087,2021,1,0,0
2023,,3DD.003DE938AA ,MidColSthd_abvJDA,509.035.087,2021,1,0,0
2023,,3DD.003DE93614 ,MidColSthd_abvJDA,509.035.087,2021,1,1,1
2023,,3DD.003D63F6CF ,MidColSthd_abvJDA,509.035.087,2021,1,1,1
2023,,3DD.003DE9376F ,MidColSthd_abvJDA,509.035.087,2021,1,1,1
2023,,3DD.003DE5CA64 ,MidColSthd_abvJDA,509.035.087,2021,1,0,0
2023,,3DD.003DE935A4 ,MidColSthd_abvJDA,509.035.087,2021,1,1,1
2023,,3DD.003DE5CA35 ,MidColSthd_abvJDA,509.035.087,2021,1,0,0
2023,,3DD.003DE5CCB9 ,MidColSthd_abvJDA,509.035.087,2021,1,1,1
2023,,3DD.003DE93A8A ,MidColSthd_abvJDA,509.035.087,2021,1,1,1
2023,,3DD.003DE93BCB ,MidColSthd_abvJDA,509.035.087,2021,1,1,1
2023,,3DD.003DE9373C ,MidColSthd_abvJDA,509.035.087,2021,1,1,1
2023,,3DD.003DE5CDF6 ,MidColSthd_abvJDA,509.035.087,2021,1,1,1
2023,,3DD.003DE93715 ,MidColSthd_abvJDA,509.035.087,2021,1,1,1
2023,,3DD.003DE9366E ,MidColSthd_abvJDA,509.035.087,2021,1,1,1
2023,,3DD.003D63E9D2 ,MidColSthd_abvJDA,509.035.087,2021,1,0,0
2023,,3DD.003DE938B7 ,MidColSthd_abvJDA,509.035.087,2021,1,1,1
2023,,3DD.003D63F44A ,MidColSthd_abvJDA,509.035.087,2021,1,1,1
2023,,3DD.003D63F93B ,MidColSthd_abvJDA,509.035.087,2021,1,1,1
2023,,3DD.003D63EA7C ,MidColSthd_abvJDA,509.035.087,2021,1,1,1
2023,,3DD.003DE93AD1 ,MidColSthd_abvJDA,509.035.087,2021,1,1,1
2023,,3DD.003D63F2E7 ,MidColSthd_abvJDA,509.035.087,2021,1,0,0
2023,,3DD.003D63F1A5 ,MidColSthd_abvJDA,509.035.087,2021,1,1,1
2023,,3DD.003DE5CF93 ,MidColSthd_abvJDA,509.035.087,2021,1,0,0
2023,,3DD.003D63E8EB ,MidColSthd_abvJDA,509.035.087,2021,1,0,0
2023,,3DD.003DE933CF ,MidColSthd_abvJDA,509.035.087,2021,1,1,1
2023,,3DD.003DE5D057 ,MidColSthd_abvJDA,509.035.087,2021,1,1,1
2023,,3DD.003DE93B20 ,MidColSthd_abvJDA,509.035.087,2021,1,1,1
2023,,3DD.003DE5CAEC ,MidColSthd_abvJDA,509.035.087,2021,1,0,0
2023,,3DD.003DE5CFD3 ,MidColSthd_abvJDA,509.035.087,2021,1,1,1
2023,,3DD.003D63F6A8 ,MidColSthd_abvJDA,509.035.087,2021,1,0,0
2023,,3DD.003DE5CD66 ,MidColSthd_abvJDA,509.035.087,2021,1,1,1
2023,,3DD.003DE5CAA2 ,MidColSthd_abvJDA,509.035.087,2021,1,1,1
2023,,3DD.0077BC56F9 ,MidColSthd_abvJDA,509.054.019,2021,1,1,1
2023,,3DD.003D8258FC ,MidColSthd_abvJDA,509.061,2021,1,0,0
2023,,3DD.003D8258CB ,MidColSthd_abvJDA,509.061,2021,1,1,1
2023,,3DD.0077C4B866 ,MidColSthd_abvJDA,509.061,2021,1,1,1
2023,,3DD.0077C596EF ,MidColSthd_abvJDA,509.061,2021,1,1,1
2023,,3DD.0077DBCEEB ,MidColSthd_abvJDA,509.061,2021,1,1,1
2023,,3D9.1C2D88D954 ,MidColSthd_abvJDA,539.076,2021,1,1,1
2023,,3DD.0077D5BDB6 ,MidColSthd_abvJDA,539.130.001,2021,1,1,1
2023,,3DD.0077D5FCBA ,MidColSthd_abvJDA,539.130.048,2021,1,1,1
2023,,3DD.0077D61248 ,MidColSthd_abvJDA,539.130.048,2021,1,1,1
2023,,3DD.0077D5C1E3 ,MidColSthd_abvJDA,539.130.048,2021,1,1,1
2023,,3DD.003D497E9D ,MidColSthd_abvJDA,539.187.030,2021,1,1,1
2023,,3DD.003D497D1F ,MidColSthd_abvJDA,539.187.045.002,2021,1,1,1
2023,,3DD.0077BD91FB ,MidColSthd_abvJDA,539.187.070,2020,1,1,1
2024,,3DD.003DA25348 ,MidColSthd_abvJDA,351.134,2022,1,1,1
2024,,3DD.003DA250AF ,MidColSthd_abvJDA,351.134.009,2022,1,1,1
2024,,3DD.003E0DDD91 ,MidColSthd_abvJDA,351.134.023,2022,1,1,1
2024,,3DD.003E0DDE3B ,MidColSthd_abvJDA,351.134.023,2022,1,1,1
2024,,3DD.003E0DDDB9 ,MidColSthd_abvJDA,351.134.023,2022,1,1,1
2024,,3DD.003DA25178 ,MidColSthd_abvJDA,351.134.028,2022,1,1,1
2024,,3DD.003DA2517F ,MidColSthd_abvJDA,351.134.028,2022,1,1,1
2024,,3DD.0077D833D4 ,MidColSthd_abvJDA,351.298.025.036,2021,1,1,1
2024,,3DD.003D460A60 ,MidColSthd_abvJDA,351.298.052.024,2021,1,1,1
2024,,3DD.003D90C5B0 ,MidColSthd_abvJDA,351.298.052.024,2022,1,1,1
2024,,3DD.003D90C61C ,MidColSthd_abvJDA,351.298.052.024,2022,1,1,1
2024,,3DD.003D90C5D7 ,MidColSthd_abvJDA,351.298.052.024,2022,1,1,1
2024,,3DD.003D90C62E ,MidColSthd_abvJDA,351.298.052.024,2022,1,1,1
2024,,3DD.003D90C5D5 ,MidColSthd_abvJDA,351.298.052.024,2022,1,1,0
2024,,3DD.003C0745DE ,MidColSthd_abvJDA,351.298.052.076.009,2022,1,1,1
2024,,3DD.003DFE1B57 ,MidColSthd_abvJDA,351.298.052.100,2022,1,1,0
2024,,3DD.003E0DCED4 ,MidColSthd_abvJDA,351.298.052.103,2022,1,0,0
2024,,3DD.003E0DCF18 ,MidColSthd_abvJDA,351.298.052.103,2022,1,1,1
2024,,3DD.003DFE1810 ,MidColSthd_abvJDA,351.298.052.104,2022,1,1,1
2024,,3DD.003D8A4CA3 ,MidColSthd_abvJDA,351.298.097.001,2022,1,1,1
2024,,3DD.003D8A4C9D ,MidColSthd_abvJDA,351.298.097.001,2022,1,1,1
2024,,3DD.003D8A4C6D ,MidColSthd_abvJDA,351.298.097.001,2022,1,1,1
2024,,3DD.003D8A4BFC ,MidColSthd_abvJDA,351.298.097.001,2022,1,1,1
2024,,3DD.003D90C302 ,MidColSthd_abvJDA,351.341.010,2022,1,1,1
2024,,3DD.003D90C347 ,MidColSthd_abvJDA,351.341.010,2022,1,1,1
2024,,3DD.003D90C454 ,MidColSthd_abvJDA,351.341.010,2022,1,0,0
2024,,3DD.003D9780D2 ,MidColSthd_abvJDA,351.341.010,2022,1,1,1
2024,,3DD.003D90C453 ,MidColSthd_abvJDA,351.341.010,2022,1,1,1
2024,,3DD.003D90C40B ,MidColSthd_abvJDA,351.341.010,2022,1,1,1
2024,,3DD.003D97807D ,MidColSthd_abvJDA,351.341.010,2022,1,0,0
2024,,3DD.003D90C3EE ,MidColSthd_abvJDA,351.341.010,2022,1,1,1
2024,,3DD.003D90C2A0 ,MidColSthd_abvJDA,351.341.010,2022,1,1,1
2024,,3DD.003D9784E6 ,MidColSthd_abvJDA,351.341.010,2022,1,1,1
2024,,3DD.003D978090 ,MidColSthd_abvJDA,351.341.010,2022,1,1,1
2024,,3DD.003D97828A ,MidColSthd_abvJDA,351.341.010,2022,1,1,1
2024,,3DD.003D90C4D7 ,MidColSthd_abvJDA,351.341.010,2022,1,1,1
2024,,3DD.003D977EF6 ,MidColSthd_abvJDA,351.341.010,2022,1,1,1
2024,,3DD.003D90C412 ,MidColSthd_abvJDA,351.341.010,2022,1,1,1
2024,,3DD.003D9780C3 ,MidColSthd_abvJDA,351.341.010,2022,1,1,1
2024,,3DD.003D9780FB ,MidColSthd_abvJDA,351.341.010,2022,1,1,1
2024,,3DD.003D978210 ,MidColSthd_abvJDA,351.341.010,2022,1,1,0
2024,,3DD.003D90C44D ,MidColSthd_abvJDA,351.341.010,2022,1,1,1
2024,,3DD.003D977F94 ,MidColSthd_abvJDA,351.341.010,2022,1,1,1
2024,,3DD.003D90C374 ,MidColSthd_abvJDA,351.341.010,2022,1,1,1
2024,,3DD.003D90C2C1 ,MidColSthd_abvJDA,351.341.010,2022,1,1,1
2024,,3DD.003D90C4E7 ,MidColSthd_abvJDA,351.341.010,2022,1,1,1
2024,,3DD.003D9780C9 ,MidColSthd_abvJDA,351.341.010,2022,1,1,1
2024,,3DD.003D978135 ,MidColSthd_abvJDA,351.341.010,2022,1,1,0
2024,,3DD.003D90C48F ,MidColSthd_abvJDA,351.341.010,2022,1,1,1
2024,,3DD.003D90C499 ,MidColSthd_abvJDA,351.341.010,2022,1,1,1
2024,,3DD.003D977F3A ,MidColSthd_abvJDA,351.341.010,2022,1,1,1
2024,,3DD.003D97800C ,MidColSthd_abvJDA,351.341.010,2022,1,1,1
2024,,3DD.003D9780F2 ,MidColSthd_abvJDA,351.341.010,2022,1,1,1
2024,,3DD.003D90C149 ,MidColSthd_abvJDA,351.341.010,2022,1,1,1
2024,,3DD.003D977EFD ,MidColSthd_abvJDA,351.341.010,2022,1,1,1
2024,,3DD.003D97802B ,MidColSthd_abvJDA,351.341.010,2022,1,1,1
2024,,3DD.003D978051 ,MidColSthd_abvJDA,351.341.010,2022,1,1,1
2024,,3DD.003D9784EC ,MidColSthd_abvJDA,351.341.010,2022,1,1,1
2024,,3DD.003D978155 ,MidColSthd_abvJDA,351.341.010,2022,1,1,1
2024,,3DD.003D977FD3 ,MidColSthd_abvJDA,351.341.010,2022,1,0,0
2024,,3DD.003D90C2DE ,MidColSthd_abvJDA,351.341.010,2022,1,1,1
2024,,3DD.003D977F91 ,MidColSthd_abvJDA,351.341.010,2022,1,1,1
2024,,3DD.003D977F76 ,MidColSthd_abvJDA,351.341.010,2022,1,1,1
2024,,3DD.003D977FF6 ,MidColSthd_abvJDA,351.341.010,2022,1,1,1
2024,,3DD.003D978143 ,MidColSthd_abvJDA,351.341.010,2022,1,1,1
2024,,3DD.003D90C1FE ,MidColSthd_abvJDA,351.341.010,2022,1,1,0
2024,,3DD.003D90C240 ,MidColSthd_abvJDA,351.341.010,2022,1,1,1
2024,,3DD.003D90C3FD ,MidColSthd_abvJDA,351.341.010,2022,1,1,1
2024,,3DD.003D97802E ,MidColSthd_abvJDA,351.341.010,2022,1,1,1
2024,,3DD.003D90C236 ,MidColSthd_abvJDA,351.341.010,2022,1,1,1
2024,,3DD.003D90C425 ,MidColSthd_abvJDA,351.341.010,2022,1,0,0
2024,,3DD.003D90C360 ,MidColSthd_abvJDA,351.341.010,2022,1,1,1
2024,,3DD.003D90C2DC ,MidColSthd_abvJDA,351.341.010,2022,1,0,0
2024,,3DD.003D9781A1 ,MidColSthd_abvJDA,351.341.010,2022,1,1,1
2024,,3DD.003D90C35F ,MidColSthd_abvJDA,351.341.010,2022,1,1,1
2024,,3DD.003D90C3E4 ,MidColSthd_abvJDA,351.341.010,2022,1,0,0
2024,,3DD.003D90C193 ,MidColSthd_abvJDA,351.341.010,2022,1,0,0
2024,,3DD.003D978084 ,MidColSthd_abvJDA,351.341.010,2022,1,1,1
2024,,3DD.0077B648C5 ,MidColSthd_abvJDA,351.341.027,2021,1,1,1
2024,,3DD.003D977844 ,MidColSthd_abvJDA,351.345,2022,1,1,1
2024,,3DD.003D97786D ,MidColSthd_abvJDA,351.345,2022,1,1,1
2024,,3DD.003D97784F ,MidColSthd_abvJDA,351.345,2022,1,1,1
2024,,3DD.003D90BDE5 ,MidColSthd_abvJDA,351.345,2022,1,1,1
2024,,3DD.003D9778BE ,MidColSthd_abvJDA,351.345,2022,1,1,1
2024,,3DD.003D9777E3 ,MidColSthd_abvJDA,351.345,2022,1,1,1
2024,,3DD.003D977873 ,MidColSthd_abvJDA,351.345,2022,1,1,1
2024,,3DD.003E238E95 ,MidColSthd_abvJDA,465.005,2022,1,0,0
2024,,3DD.003E238D1C ,MidColSthd_abvJDA,465.005,2022,1,1,0
2024,,3DD.003D93F790 ,MidColSthd_abvJDA,465.005,2022,1,1,1
2024,,3DD.003E238E07 ,MidColSthd_abvJDA,465.005,2022,1,1,1
2024,,3DD.003E238D76 ,MidColSthd_abvJDA,465.005,2022,1,0,0
2024,,3DD.003E238D5B ,MidColSthd_abvJDA,465.005,2022,1,1,1
2024,,3DD.003E238D58 ,MidColSthd_abvJDA,465.005,2022,1,1,1
2024,,3DD.003E238B32 ,MidColSthd_abvJDA,465.005,2022,1,1,1
2024,,3DD.003E238CD2 ,MidColSthd_abvJDA,465.005,2022,1,1,1
2024,,3DD.003E238C69 ,MidColSthd_abvJDA,465.005,2022,1,1,1
2024,,3DD.003E238E69 ,MidColSthd_abvJDA,465.005,2022,1,1,1
2024,,3DD.003DE78003 ,MidColSthd_abvJDA,465.005,2022,1,1,1
2024,,3DD.003E238B2C ,MidColSthd_abvJDA,465.005,2022,1,1,1
2024,,3DD.003E238C12 ,MidColSthd_abvJDA,465.005,2022,1,1,0
2024,,3DD.003E238D44 ,MidColSthd_abvJDA,465.005,2022,1,1,1
2024,,3DD.003E238B67 ,MidColSthd_abvJDA,465.005,2022,1,1,1
2024,,3DD.003DE77F2A ,MidColSthd_abvJDA,465.008,2022,1,1,1
2024,,3DD.003DE78297 ,MidColSthd_abvJDA,465.008,2022,1,1,1
2024,,3DD.003DE7845C ,MidColSthd_abvJDA,465.008,2022,1,1,1
2024,,3DD.003DE77DFF ,MidColSthd_abvJDA,465.008,2022,1,0,0
2024,,3DD.003DE77FAE ,MidColSthd_abvJDA,465.008,2022,1,1,1
2024,,3DD.003DE77F40 ,MidColSthd_abvJDA,465.008,2022,1,1,1
2024,,3DD.003DE77FCD ,MidColSthd_abvJDA,465.008,2022,1,0,0
2024,,3DD.003DE781E1 ,MidColSthd_abvJDA,465.008,2022,1,1,1
2024,,3DD.003DE782EC ,MidColSthd_abvJDA,465.008,2022,1,1,1
2024,,3DD.003D93F45C ,MidColSthd_abvJDA,465.008,2022,1,1,1
2024,,3DD.003DE77D98 ,MidColSthd_abvJDA,465.008,2022,1,0,0
2024,,3DD.003D93F477 ,MidColSthd_abvJDA,465.008,2022,1,1,1
2024,,3DD.003DE781CE ,MidColSthd_abvJDA,465.008,2022,1,1,1
2024,,3DD.003DE77E79 ,MidColSthd_abvJDA,465.008,2022,1,1,1
2024,,3DD.003D93F638 ,MidColSthd_abvJDA,465.008,2022,1,1,1
2024,,3DD.003DE77E85 ,MidColSthd_abvJDA,465.008,2022,1,1,1
2024,,3DD.003DE78401 ,MidColSthd_abvJDA,465.008,2022,1,0,0
2024,,3DD.003DE77F0C ,MidColSthd_abvJDA,465.008,2022,1,1,1
2024,,3DD.003D93F51E ,MidColSthd_abvJDA,465.008,2022,1,1,1
2024,,3DD.003D93F402 ,MidColSthd_abvJDA,465.008,2022,1,1,1
2024,,3DD.003DE77DE9 ,MidColSthd_abvJDA,465.008,2022,1,1,1
2024,,3DD.003DE78459 ,MidColSthd_abvJDA,465.008,2022,1,1,1
2024,,3DD.003DE783F8 ,MidColSthd_abvJDA,465.008,2022,1,1,1
2024,,3DD.003DE7882F ,MidColSthd_abvJDA,465.008,2022,1,0,0
2024,,3DD.003DE78341 ,MidColSthd_abvJDA,465.008,2022,1,0,0
2024,,3DD.003D93F5BB ,MidColSthd_abvJDA,465.008,2022,1,1,1
2024,,3DD.003DE77E94 ,MidColSthd_abvJDA,465.008,2022,1,1,1
2024,,3DD.003DE78310 ,MidColSthd_abvJDA,465.008,2022,1,1,1
2024,,3DD.003DE77F5F ,MidColSthd_abvJDA,465.008,2022,1,1,1
2024,,3DD.003DE77EE6 ,MidColSthd_abvJDA,465.008,2022,1,1,1
2024,,3DD.003DE78289 ,MidColSthd_abvJDA,465.008,2022,1,1,1
2024,,3DD.003D93F73E ,MidColSthd_abvJDA,465.008,2022,1,1,1
2024,,3DD.003DE77E39 ,MidColSthd_abvJDA,465.008,2022,1,1,1
2024,,3DD.003D93F600 ,MidColSthd_abvJDA,465.008,2022,1,1,1
2024,,3DD.003DE77E1B ,MidColSthd_abvJDA,465.008,2022,1,0,0
2024,,3DD.003DE77F19 ,MidColSthd_abvJDA,465.008,2022,1,1,1
2024,,3DD.003D93F7BD ,MidColSthd_abvJDA,465.008,2022,1,1,1
2024,,3DD.003DE78432 ,MidColSthd_abvJDA,465.008,2022,1,1,1
2024,,3DD.003DF00F6F ,MidColSthd_abvJDA,465.077.001,2022,1,1,1
2024,,3DD.003DE78765 ,MidColSthd_abvJDA,465.077.001,2022,1,1,1
2024,,3DD.003DE78770 ,MidColSthd_abvJDA,465.077.001,2022,1,1,1
2024,,3DD.003DE785A7 ,MidColSthd_abvJDA,465.077.001,2022,1,1,1
2024,,3DD.003DE785C5 ,MidColSthd_abvJDA,465.077.001,2022,1,1,1
2024,,3DD.003DE786AC ,MidColSthd_abvJDA,465.077.001,2022,1,1,1
2024,,3DD.003DF059E5 ,MidColSthd_abvJDA,465.077.001,2022,1,0,0
2024,,3DD.003DE7877F ,MidColSthd_abvJDA,465.077.001,2022,1,1,1
2024,,3DD.003DE7878C ,MidColSthd_abvJDA,465.077.001,2022,1,1,1
2024,,3DD.003DF02627 ,MidColSthd_abvJDA,465.077.001,2022,1,0,0
2024,,3DD.003DE7867B ,MidColSthd_abvJDA,465.077.001,2022,1,1,1
2024,,3DD.003D971291 ,MidColSthd_abvJDA,465.077.001,2022,1,1,1
2024,,3DD.003DE787B7 ,MidColSthd_abvJDA,465.077.001,2022,1,1,1
2024,,3DD.003DE787B4 ,MidColSthd_abvJDA,465.077.001,2022,1,1,1
2024,,3DD.003DE786F5 ,MidColSthd_abvJDA,465.077.001,2022,1,1,1
2024,,3DD.003DE784F3 ,MidColSthd_abvJDA,465.077.001,2022,1,1,1
2024,,3DD.003DE78640 ,MidColSthd_abvJDA,465.077.001,2022,1,1,1
2024,,3DD.003DE7878F ,MidColSthd_abvJDA,465.077.001,2022,1,1,1
2024,,3DD.003DE78797 ,MidColSthd_abvJDA,465.077.001,2022,1,1,1
2024,,3DD.003DF02AB6 ,MidColSthd_abvJDA,465.077.001,2022,1,1,1
2024,,3DD.003DE787D5 ,MidColSthd_abvJDA,465.077.001,2022,1,0,0
2024,,3DD.003DE78621 ,MidColSthd_abvJDA,465.077.001,2022,1,0,0
2024,,3DD.003DE785F2 ,MidColSthd_abvJDA,465.077.001,2022,1,1,0
2024,,3DD.003DE78607 ,MidColSthd_abvJDA,465.077.001,2022,1,1,1
2024,,3DD.003DE7852F ,MidColSthd_abvJDA,465.077.001,2022,1,1,1
2024,,3DD.003DE78527 ,MidColSthd_abvJDA,465.077.001,2022,1,1,1
2024,,3DD.003DE785C0 ,MidColSthd_abvJDA,465.077.001,2022,1,1,1
2024,,3DD.003DE78787 ,MidColSthd_abvJDA,465.077.001,2022,1,1,1
2024,,3DD.003DE7879D ,MidColSthd_abvJDA,465.077.001,2022,1,1,1
2024,,3DD.003DE13B94 ,MidColSthd_abvJDA,465.090,2022,1,1,1
2024,,3DD.003DF053D9 ,MidColSthd_abvJDA,465.090,2022,1,1,1
2024,,3DD.003DF04547 ,MidColSthd_abvJDA,465.090,2022,1,1,1
2024,,3DD.003DE13E4E ,MidColSthd_abvJDA,465.090,2022,1,1,1
2024,,3DD.003DE13F91 ,MidColSthd_abvJDA,465.090,2022,1,1,1
2024,,3DD.003DF00865 ,MidColSthd_abvJDA,465.090,2022,1,0,0
2024,,3DD.003DF02100 ,MidColSthd_abvJDA,465.090,2022,1,1,1
2024,,3DD.003DE14012 ,MidColSthd_abvJDA,465.090,2022,1,1,1
2024,,3DD.003DE14065 ,MidColSthd_abvJDA,465.090,2022,1,0,0
2024,,3DD.003DE141D8 ,MidColSthd_abvJDA,465.090,2022,1,0,0
2024,,3DD.003DF02D9B ,MidColSthd_abvJDA,465.090,2022,1,0,0
2024,,3DD.003DF06B21 ,MidColSthd_abvJDA,465.090,2022,1,0,0
2024,,3DD.003DE13A8D ,MidColSthd_abvJDA,465.090,2022,1,1,1
2024,,3DD.003DF03513 ,MidColSthd_abvJDA,465.090,2022,1,1,1
2024,,3DD.003DE13B0A ,MidColSthd_abvJDA,465.090,2022,1,1,1
2024,,3DD.003DF03404 ,MidColSthd_abvJDA,465.090,2022,1,0,0
2024,,3DD.003DF0221A ,MidColSthd_abvJDA,465.090,2022,1,1,1
2024,,3DD.003DE141C9 ,MidColSthd_abvJDA,465.090,2022,1,0,0
2024,,3DD.003DE13EE7 ,MidColSthd_abvJDA,465.090,2022,1,1,0
2024,,3DD.003DF05E2D ,MidColSthd_abvJDA,465.090,2022,1,0,0
2024,,3DD.003DE140FA ,MidColSthd_abvJDA,465.090,2022,1,1,1
2024,,3DD.003DE13CF0 ,MidColSthd_abvJDA,465.090,2022,1,1,1
2024,,3DD.003DE139A0 ,MidColSthd_abvJDA,465.090,2022,1,1,1
2024,,3DD.003DF03725 ,MidColSthd_abvJDA,465.090,2022,1,1,1
2024,,3DD.003DF00E5D ,MidColSthd_abvJDA,465.090,2022,1,1,1
2024,,3DD.003DE13F2E ,MidColSthd_abvJDA,465.090,2022,1,1,1
2024,,3DD.003DE141D4 ,MidColSthd_abvJDA,465.090,2022,1,1,1
2024,,3DD.003DE13A77 ,MidColSthd_abvJDA,465.090,2022,1,1,1
2024,,3DD.003DE13B04 ,MidColSthd_abvJDA,465.090,2022,1,1,1
2024,,3DD.003DE13F67 ,MidColSthd_abvJDA,465.090,2022,1,1,1
2024,,3DD.003DE140A3 ,MidColSthd_abvJDA,465.090,2022,1,1,1
2024,,3DD.003DF030CD ,MidColSthd_abvJDA,465.090,2022,1,1,1
2024,,3DD.003DE13BC1 ,MidColSthd_abvJDA,465.090,2022,1,1,1
2024,,3DD.003DE139A1 ,MidColSthd_abvJDA,465.090,2022,1,1,1
2024,,3DD.003DE140EE ,MidColSthd_abvJDA,465.090,2022,1,1,1
2024,,3DD.003DE141A3 ,MidColSthd_abvJDA,465.090,2022,1,1,1
2024,,3DD.003DE13AF5 ,MidColSthd_abvJDA,465.090,2022,1,1,1
2024,,3DD.003DF02781 ,MidColSthd_abvJDA,465.090,2022,1,1,1
2024,,3DD.003DE13BEA ,MidColSthd_abvJDA,465.090,2022,1,1,1
2024,,3DD.003DE13FED ,MidColSthd_abvJDA,465.090,2022,1,1,1
2024,,3DD.003DF02364 ,MidColSthd_abvJDA,465.090,2022,1,1,1
2024,,3DD.003DE14077 ,MidColSthd_abvJDA,465.090,2022,1,1,1
2024,,3DD.0077C0ECBB ,MidColSthd_abvJDA,465.127.003,2022,1,1,0
2024,,3DD.0077C0A88B ,MidColSthd_abvJDA,465.127.003,2022,1,1,1
2024,,3DD.0077C0CF1C ,MidColSthd_abvJDA,465.127.003,2022,1,1,1
2024,,3DD.0077C0DFD9 ,MidColSthd_abvJDA,465.127.003,2022,1,1,1
2024,,3DD.0077C0C530 ,MidColSthd_abvJDA,465.127.003,2022,1,1,1
2024,,3DD.0077C0F97A ,MidColSthd_abvJDA,465.127.003,2022,1,1,1
2024,,3DD.0077BF1827 ,MidColSthd_abvJDA,465.128,2022,1,1,1
2024,,3DD.0077BFF2BB ,MidColSthd_abvJDA,465.128,2022,1,1,1
2024,,3DD.007788B454 ,MidColSthd_abvJDA,465.128,2022,1,1,1
2024,,3DD.00778B2CE3 ,MidColSthd_abvJDA,465.128,2022,1,1,1
2024,,3DD.0077BEB7FB ,MidColSthd_abvJDA,465.128,2022,1,1,1
2024,,3DD.00778B91CF ,MidColSthd_abvJDA,465.128,2022,1,1,1
2024,,3DD.0077BEF167 ,MidColSthd_abvJDA,465.128,2022,1,1,1
2024,,3DD.0077BED423 ,MidColSthd_abvJDA,465.128,2022,1,1,1
2024,,3DD.0077BEEE7C ,MidColSthd_abvJDA,465.128,2022,1,1,1
2024,,3DD.0077BCC567 ,MidColSthd_abvJDA,509.035.051,2021,1,1,1
2024,,3DD.003D45B38C ,MidColSthd_abvJDA,509.035.051,2022,1,1,1
2024,,3DD.003D45B29E ,MidColSthd_abvJDA,509.035.051,2022,1,1,1
2024,,3DD.003D45B433 ,MidColSthd_abvJDA,509.035.051,2022,1,1,1
2024,,3DD.003D45B43A ,MidColSthd_abvJDA,509.035.051,2022,1,1,1
2024,,3DD.003D45B4E0 ,MidColSthd_abvJDA,509.035.051,2022,1,1,1
2024,,3DD.003D45B82E ,MidColSthd_abvJDA,509.035.051,2022,1,1,1
2024,,3DD.003D45B85E ,MidColSthd_abvJDA,509.035.051,2022,1,1,1
2024,,3DD.003D45B856 ,MidColSthd_abvJDA,509.035.051,2022,1,1,1
2024,,3DD.003D45B46A ,MidColSthd_abvJDA,509.035.051,2022,1,1,1
2024,,3DD.003D45B541 ,MidColSthd_abvJDA,509.035.051,2022,1,1,1
2024,,3DD.003D45B898 ,MidColSthd_abvJDA,509.035.051,2022,1,1,0
2024,,3DD.003D45B316 ,MidColSthd_abvJDA,509.035.051,2022,1,0,0
2024,,3DD.003D969D44 ,MidColSthd_abvJDA,509.035.087,2022,1,1,1
2024,,3DD.003D96AA56 ,MidColSthd_abvJDA,509.035.087,2022,1,1,1
2024,,3DD.003D969D71 ,MidColSthd_abvJDA,509.035.087,2022,1,1,1
2024,,3DD.003D96A2AE ,MidColSthd_abvJDA,509.035.087,2022,1,1,1
2024,,3DD.003D96AB88 ,MidColSthd_abvJDA,509.035.087,2022,1,1,1
2024,,3DD.003D96A274 ,MidColSthd_abvJDA,509.035.087,2022,1,1,1
2024,,3DD.003D96AD3E ,MidColSthd_abvJDA,509.035.087,2022,1,1,1
2024,,3DD.003D96A368 ,MidColSthd_abvJDA,509.035.087,2022,1,1,1
2024,,3DD.003D96ABD7 ,MidColSthd_abvJDA,509.035.087,2022,1,1,1
2024,,3DD.003D96A366 ,MidColSthd_abvJDA,509.035.087,2022,1,1,1
2024,,3DD.003D96AD94 ,MidColSthd_abvJDA,509.035.087,2022,1,1,1
2024,,3DD.003D969DD2 ,MidColSthd_abvJDA,509.035.087,2022,1,1,1
2024,,3DD.003D96A784 ,MidColSthd_abvJDA,509.035.087,2022,1,0,0
2024,,3DD.003D96AAC1 ,MidColSthd_abvJDA,509.035.087,2022,1,1,1
2024,,3DD.003D96A6E0 ,MidColSthd_abvJDA,509.035.087,2022,1,1,1
2024,,3DD.003D96A678 ,MidColSthd_abvJDA,509.035.087,2022,1,1,1
2024,,3DD.003D96AD3D ,MidColSthd_abvJDA,509.035.087,2022,1,1,1
2024,,3DD.003D96AA25 ,MidColSthd_abvJDA,509.035.087,2022,1,1,1
2024,,3DD.003D96A64B ,MidColSthd_abvJDA,509.035.087,2022,1,1,1
2024,,3DD.003D96ACEE ,MidColSthd_abvJDA,509.035.087,2022,1,1,1
2024,,3DD.003D96AB4C ,MidColSthd_abvJDA,509.035.087,2022,1,1,1
2024,,3DD.003D96A538 ,MidColSthd_abvJDA,509.035.087,2022,1,1,1
2024,,3DD.003D96A8DA ,MidColSthd_abvJDA,509.035.087,2022,1,1,1
2024,,3DD.003D96A074 ,MidColSthd_abvJDA,509.035.087,2022,1,1,1
2024,,3DD.003D969BD3 ,MidColSthd_abvJDA,509.035.087,2022,1,1,1
2024,,3DD.003D969E9C ,MidColSthd_abvJDA,509.035.087,2022,1,1,1
2024,,3DD.003D96AB58 ,MidColSthd_abvJDA,509.035.087,2022,1,1,1
2024,,3DD.003D96A709 ,MidColSthd_abvJDA,509.035.087,2022,1,1,1
2024,,3DD.003D969FD4 ,MidColSthd_abvJDA,509.035.087,2022,1,1,1
2024,,3DD.003D969ED9 ,MidColSthd_abvJDA,509.035.087,2022,1,1,1
2024,,3DD.003D969D34 ,MidColSthd_abvJDA,509.035.087,2022,1,1,1
2024,,3DD.003D96A916 ,MidColSthd_abvJDA,509.035.087,2022,1,1,1
2024,,3DD.003D822A23 ,MidColSthd_abvJDA,509.061,2022,1,1,1
2024,,3DD.003D82314E ,MidColSthd_abvJDA,509.061,2022,1,0,0
2024,,3DD.003D82301D ,MidColSthd_abvJDA,509.061,2022,1,1,1
2024,,3DD.003D82386B ,MidColSthd_abvJDA,509.061,2022,1,1,1
2024,,3DD.003D8254DC ,MidColSthd_abvJDA,509.061,2022,1,1,1
2024,,3DD.003D822671 ,MidColSthd_abvJDA,509.061,2022,1,1,1
2024,,3DD.003D822A5F ,MidColSthd_abvJDA,509.061,2022,1,1,1
2024,,3DD.003D8230EF ,MidColSthd_abvJDA,509.061,2022,1,1,1
2024,,3DD.003D82325A ,MidColSthd_abvJDA,509.061,2022,1,1,1
2024,,3DD.0077D2521D ,MidColSthd_abvJDA,539.112.002,2022,1,1,1
2024,,3DD.0077D62027 ,MidColSthd_abvJDA,539.112.002,2022,1,1,1
2024,,3DD.0077D61AB6 ,MidColSthd_abvJDA,539.130.048,2022,1,1,1
2024,,3DD.0077D61238 ,MidColSthd_abvJDA,539.130.048,2022,1,1,1
2024,,3DD.003D8C3D5F ,MidColSthd_abvJDA,539.172.003,2022,1,1,1
2024,,3DD.0077D63C26 ,MidColSthd_abvJDA,539.172.003,2022,1,1,1
2025,,3DD.003D5C852E ,MidColSthd_abvJDA,351.134,2023,1,0,0
2025,,3D6.1533FAE2BC ,MidColSthd_abvJDA,351.134.007,2023,1,0,0
2025,,3DD.003D5C8616 ,MidColSthd_abvJDA,351.134.007,2023,1,1,0
2025,,3D6.1533F8AC5B ,MidColSthd_abvJDA,351.134.007,2023,1,1,0
2025,,3D6.1533FAE2D5 ,MidColSthd_abvJDA,351.134.007,2023,1,0,0
2025,,3D6.1533F8ACAE ,MidColSthd_abvJDA,351.134.007,2023,1,0,0
2025,,3DD.003DA24DB0 ,MidColSthd_abvJDA,351.134.009,2022,1,0,0
2025,,3DD.0077D82DDF ,MidColSthd_abvJDA,351.134.009,2023,1,0,0
2025,,3DD.003D5C82F6 ,MidColSthd_abvJDA,351.134.009,2023,1,1,0
2025,,3DD.0077D7CFAE ,MidColSthd_abvJDA,351.134.009,2023,1,0,0
2025,,3DD.003E0DDEBC ,MidColSthd_abvJDA,351.134.009,2023,1,1,0
2025,,3DD.003E0DDEEE ,MidColSthd_abvJDA,351.134.009,2023,1,0,0
2025,,3DD.003D5C85C2 ,MidColSthd_abvJDA,351.298.025.001,2023,1,1,0
2025,,3DD.003E12EAB7 ,MidColSthd_abvJDA,351.298.025.036,2022,1,1,1
2025,,3DD.003D90C6A1 ,MidColSthd_abvJDA,351.298.052.024,2023,1,1,0
2025,,3D6.1533FADFDA ,MidColSthd_abvJDA,351.298.052.076.005,2023,1,0,0
2025,,3DD.003D8A4C18 ,MidColSthd_abvJDA,351.298.097.001,2022,1,1,0
2025,,3DD.003D8A494E ,MidColSthd_abvJDA,351.298.097.001,2022,1,1,0
2025,,3DD.003D8A4982 ,MidColSthd_abvJDA,351.298.097.001,2022,1,1,1
2025,,3DD.003E497D8F ,MidColSthd_abvJDA,351.298.097.001,2023,1,0,0
2025,,3DD.003D8A49D8 ,MidColSthd_abvJDA,351.298.097.001,2023,1,1,1
2025,,3DD.0077D7FA0F ,MidColSthd_abvJDA,351.298.097.001,2023,1,0,0
2025,,3DD.0077D7DDB3 ,MidColSthd_abvJDA,351.298.097.001,2023,1,1,0
2025,,3DD.003E497DAD ,MidColSthd_abvJDA,351.298.097.001,2023,1,0,0
2025,,3DD.003D90CBFD ,MidColSthd_abvJDA,351.298.097.001,2023,1,0,0
2025,,3DD.003D90CB71 ,MidColSthd_abvJDA,351.341.010,2023,1,1,1
2025,,3DD.003D90CB1E ,MidColSthd_abvJDA,351.341.010,2023,1,0,0
2025,,3DD.003D90CB45 ,MidColSthd_abvJDA,351.341.010,2023,1,0,0
2025,,3DD.003D90CB89 ,MidColSthd_abvJDA,351.341.010,2023,1,0,0
2025,,3DD.003D90CB31 ,MidColSthd_abvJDA,351.341.010,2023,1,1,0
2025,,3DD.003E1CAC75 ,MidColSthd_abvJDA,351.341.010,2023,1,1,1
2025,,3DD.003D90CB0B ,MidColSthd_abvJDA,351.341.010,2023,1,0,0
2025,,3DD.003D978453 ,MidColSthd_abvJDA,351.341.010,2023,1,0,0
2025,,3DD.003D90CA34 ,MidColSthd_abvJDA,351.341.010,2023,1,0,0
2025,,3DD.003D90CA8B ,MidColSthd_abvJDA,351.341.010,2023,1,1,0
2025,,3DD.003D9783DA ,MidColSthd_abvJDA,351.341.010,2023,1,1,0
2025,,3DD.003D9783B6 ,MidColSthd_abvJDA,351.341.010,2023,1,0,0
2025,,3DD.007761C1D9 ,MidColSthd_abvJDA,351.341.027,2023,1,0,0
2025,,3DD.0077BCDE4F ,MidColSthd_abvJDA,351.341.027,2023,1,0,0
2025,,3DD.00778EC8F7 ,MidColSthd_abvJDA,351.341.027,2023,1,1,0
2025,,3DD.0077B61B50 ,MidColSthd_abvJDA,351.341.027,2023,1,1,0
2025,,3DD.0077AE9A00 ,MidColSthd_abvJDA,351.341.027.012,2023,1,1,0
2025,,3DD.0077BDE2BF ,MidColSthd_abvJDA,351.341.027.012,2023,1,1,0
2025,,3DD.0077585B87 ,MidColSthd_abvJDA,351.341.027.012,2023,1,0,0
2025,,3DD.0077B669A6 ,MidColSthd_abvJDA,351.341.027.012,2023,1,1,0
2025,,3DD.003E312BF3 ,MidColSthd_abvJDA,351.341.027.012,2023,1,0,0
2025,,3DD.003D977D74 ,MidColSthd_abvJDA,351.345,2023,1,0,0
2025,,3DD.003D977C67 ,MidColSthd_abvJDA,351.345,2023,1,1,0
2025,,3DD.003D977D6A ,MidColSthd_abvJDA,351.345,2023,1,1,1
2025,,3DD.003D977D79 ,MidColSthd_abvJDA,351.345,2023,1,0,0
2025,,3DD.003E319612 ,MidColSthd_abvJDA,465.005,2023,1,1,0
2025,,3DD.003E256273 ,MidColSthd_abvJDA,465.005,2023,1,0,0
2025,,3DD.003E25627F ,MidColSthd_abvJDA,465.005,2023,1,0,0
2025,,3DD.003D93F764 ,MidColSthd_abvJDA,465.008,2022,1,0,0
2025,,3DD.003E319830 ,MidColSthd_abvJDA,465.008,2023,1,0,0
2025,,3DD.003D971603 ,MidColSthd_abvJDA,465.008,2023,1,0,0
2025,,3DD.003D97160D ,MidColSthd_abvJDA,465.008,2023,1,0,0
2025,,3DD.003D971134 ,MidColSthd_abvJDA,465.008,2023,1,1,1
2025,,3DD.003D9712FB ,MidColSthd_abvJDA,465.008,2023,1,0,0
2025,,3DD.003D9714ED ,MidColSthd_abvJDA,465.008,2023,1,0,0
2025,,3DD.003D971235 ,MidColSthd_abvJDA,465.008,2023,1,0,0
2025,,3DD.003D9712A6 ,MidColSthd_abvJDA,465.008,2023,1,0,0
2025,,3DD.003E31959A ,MidColSthd_abvJDA,465.008,2023,1,1,0
2025,,3DD.003D971574 ,MidColSthd_abvJDA,465.008,2023,1,1,0
2025,,3DD.003D97164F ,MidColSthd_abvJDA,465.008,2023,1,0,0
2025,,3DD.003D971462 ,MidColSthd_abvJDA,465.008,2023,1,0,0
2025,,3DD.003E319727 ,MidColSthd_abvJDA,465.008,2023,1,0,0
2025,,3DD.003E3195C3 ,MidColSthd_abvJDA,465.008,2023,1,0,0
2025,,3DD.003D9716A0 ,MidColSthd_abvJDA,465.008,2023,1,0,0
2025,,3DD.003D97139F ,MidColSthd_abvJDA,465.008,2023,1,0,0
2025,,3DD.003D971B00 ,MidColSthd_abvJDA,465.008,2023,1,1,0
2025,,3DD.003D971194 ,MidColSthd_abvJDA,465.008,2023,1,0,0
2025,,3DD.003D9712C9 ,MidColSthd_abvJDA,465.008,2023,1,0,0
2025,,3DD.003D971170 ,MidColSthd_abvJDA,465.008,2023,1,0,0
2025,,3DD.003E2563EC ,MidColSthd_abvJDA,465.077.001,2023,1,0,0
2025,,3DD.003E238F2A ,MidColSthd_abvJDA,465.077.001,2023,1,0,0
2025,,3DD.003E238F3D ,MidColSthd_abvJDA,465.077.001,2023,1,0,0
2025,,3DD.003E239006 ,MidColSthd_abvJDA,465.077.001,2023,1,0,0
2025,,3DD.003E2390D1 ,MidColSthd_abvJDA,465.077.001,2023,1,1,1
2025,,3DD.003E256580 ,MidColSthd_abvJDA,465.077.001,2023,1,1,0
2025,,3DD.003E238F40 ,MidColSthd_abvJDA,465.077.001,2023,1,0,0
2025,,3DD.003E2390F5 ,MidColSthd_abvJDA,465.077.001,2023,1,1,1
2025,,3DD.003E238F57 ,MidColSthd_abvJDA,465.077.001,2023,1,0,0
2025,,3DD.003E4041E2 ,MidColSthd_abvJDA,465.090,2023,1,0,0
2025,,3DD.003E4043BC ,MidColSthd_abvJDA,465.090,2023,1,1,1
2025,,3DD.003E404B82 ,MidColSthd_abvJDA,465.090,2023,1,0,0
2025,,3DD.003E4049A3 ,MidColSthd_abvJDA,465.090,2023,1,0,0
2025,,3DD.003E404865 ,MidColSthd_abvJDA,465.090,2023,1,0,0
2025,,3DD.003E404D3A ,MidColSthd_abvJDA,465.090,2023,1,0,0
2025,,3DD.003E404BAB ,MidColSthd_abvJDA,465.090,2023,1,0,0
2025,,3DD.003E404CD7 ,MidColSthd_abvJDA,465.090,2023,1,0,0
2025,,3DD.003E404921 ,MidColSthd_abvJDA,465.090,2023,1,0,0
2025,,3DD.003E4044E4 ,MidColSthd_abvJDA,465.090,2023,1,0,0
2025,,3DD.003E40411B ,MidColSthd_abvJDA,465.090,2023,1,1,1
2025,,3DD.003E404E90 ,MidColSthd_abvJDA,465.090,2023,1,0,0
2025,,3DD.003E404526 ,MidColSthd_abvJDA,465.090,2023,1,0,0
2025,,3DD.003E404585 ,MidColSthd_abvJDA,465.090,2023,1,0,0
2025,,3DD.0077C0EF1B ,MidColSthd_abvJDA,465.127.003,2022,1,1,0
2025,,3DD.0077C11939 ,MidColSthd_abvJDA,465.127.003,2023,1,1,0
2025,,3DD.0077BF182D ,MidColSthd_abvJDA,465.127.003,2023,1,1,0
2025,,3DD.0077C0F65E ,MidColSthd_abvJDA,465.127.003,2023,1,0,0
2025,,3DD.0077C0C654 ,MidColSthd_abvJDA,465.127.003,2023,1,1,0
2025,,3DD.0077C0DFE4 ,MidColSthd_abvJDA,465.128,2022,1,1,0
2025,,3DD.0077BEB968 ,MidColSthd_abvJDA,465.128,2023,1,0,0
2025,,3DD.0077BEE3FF ,MidColSthd_abvJDA,465.128,2023,1,0,0
2025,,3DD.0077C16D45 ,MidColSthd_abvJDA,465.128,2023,1,1,0
2025,,3DD.0077BEAB12 ,MidColSthd_abvJDA,465.128,2023,1,0,0
2025,,3DD.0077BEA265 ,MidColSthd_abvJDA,465.128,2023,1,1,0
2025,,3DD.0077BEAB19 ,MidColSthd_abvJDA,465.128,2023,1,0,0
2025,,3DD.0077C07968 ,MidColSthd_abvJDA,465.128,2023,1,0,0
2025,,3DD.0077C08AE9 ,MidColSthd_abvJDA,465.128,2023,1,0,0
2025,,3DD.003D45B541 ,MidColSthd_abvJDA,509.035.051,2022,1,0,0
2025,,3DD.003D45B692 ,MidColSthd_abvJDA,509.035.051,2022,1,1,1
2025,,3DD.003D97451C ,MidColSthd_abvJDA,509.035.051,2023,1,0,0
2025,,3DD.003D45B647 ,MidColSthd_abvJDA,509.035.051,2023,1,0,0
2025,,3DD.0077BCBC2D ,MidColSthd_abvJDA,509.035.051,2023,1,0,0
2025,,3DD.003D974942 ,MidColSthd_abvJDA,509.035.051,2023,1,0,0
2025,,3DD.0077BCB955 ,MidColSthd_abvJDA,509.035.051,2023,1,0,0
2025,,3DD.003D973B01 ,MidColSthd_abvJDA,509.035.051,2023,1,0,0
2025,,3DD.0077BD0D42 ,MidColSthd_abvJDA,509.035.051,2023,1,0,0
2025,,3DD.003D974921 ,MidColSthd_abvJDA,509.035.051,2023,1,1,1
2025,,3DD.003D973F3F ,MidColSthd_abvJDA,509.035.051,2023,1,0,0
2025,,3DD.0077BCCB82 ,MidColSthd_abvJDA,509.035.051,2023,1,0,0
2025,,3DD.003D974545 ,MidColSthd_abvJDA,509.035.051,2023,1,0,0
2025,,3DD.003D97453D ,MidColSthd_abvJDA,509.035.051,2023,1,1,0
2025,,3DD.003D973D0E ,MidColSthd_abvJDA,509.035.051,2023,1,0,0
2025,,3DD.003DFF92C2 ,MidColSthd_abvJDA,509.035.087,2023,1,0,0
2025,,3DD.003DFF99F5 ,MidColSthd_abvJDA,509.035.087,2023,1,0,0
2025,,3DD.003DFFBBE7 ,MidColSthd_abvJDA,509.035.087,2023,1,0,0
2025,,3DD.003DFF8DDB ,MidColSthd_abvJDA,509.035.087,2023,1,0,0
2025,,3DD.003DFFC84A ,MidColSthd_abvJDA,509.035.087,2023,1,0,0
2025,,3DD.003DFF8DE0 ,MidColSthd_abvJDA,509.035.087,2023,1,1,1
2025,,3DD.003DFFC2B9 ,MidColSthd_abvJDA,509.035.087,2023,1,0,0
2025,,3DD.003DFF9E73 ,MidColSthd_abvJDA,509.035.087,2023,1,0,0
2025,,3DD.003DFF8FCB ,MidColSthd_abvJDA,509.035.087,2023,1,0,0
2025,,3DD.003DFFB4CF ,MidColSthd_abvJDA,509.035.087,2023,1,0,0
2025,,3DD.003DFFBC17 ,MidColSthd_abvJDA,509.035.087,2023,1,0,0
2025,,3DD.003DFF98F1 ,MidColSthd_abvJDA,509.035.087,2023,1,0,0
2025,,3DD.003DFF8D7A ,MidColSthd_abvJDA,509.035.087,2023,1,1,0
2025,,3DD.003DFF9B2F ,MidColSthd_abvJDA,509.035.087,2023,1,0,0
2025,,3DD.003DFF8E74 ,MidColSthd_abvJDA,509.035.087,2023,1,0,0
2025,,3DD.003DFFB80B ,MidColSthd_abvJDA,509.035.087,2023,1,0,0
2025,,3DD.003DFF8FC7 ,MidColSthd_abvJDA,509.035.087,2023,1,0,0
2025,,3DD.003DFF90A4 ,MidColSthd_abvJDA,509.035.087,2023,1,0,0
2025,,3DD.003DFF9CE3 ,MidColSthd_abvJDA,509.035.087,2023,1,0,0
2025,,3DD.003DFF982F ,MidColSthd_abvJDA,509.035.087,2023,1,0,0
2025,,3DD.003DFF98A0 ,MidColSthd_abvJDA,509.035.087,2023,1,0,0
2025,,3DD.003DFF9E51 ,MidColSthd_abvJDA,509.035.087,2023,1,0,0
2025,,3DD.003DFFB384 ,MidColSthd_abvJDA,509.035.087,2023,1,0,0
2025,,3DD.003DFF961B ,MidColSthd_abvJDA,509.035.087,2023,1,0,0
2025,,3DD.003DFF98F7 ,MidColSthd_abvJDA,509.035.087,2023,1,0,0
2025,,3DD.003DFF97FE ,MidColSthd_abvJDA,509.035.087,2023,1,0,0
2025,,3DD.003DFF9D67 ,MidColSthd_abvJDA,509.035.087,2023,1,0,0
2025,,3DD.003DFFC871 ,MidColSthd_abvJDA,509.035.087,2023,1,0,0
2025,,3DD.003DFF99DD ,MidColSthd_abvJDA,509.035.087,2023,1,0,0
2025,,3DD.003DFF9995 ,MidColSthd_abvJDA,509.035.087,2023,1,0,0
2025,,3DD.003DFF987B ,MidColSthd_abvJDA,509.035.087,2023,1,0,0
2025,,3DD.003DFF9428 ,MidColSthd_abvJDA,509.035.087,2023,1,0,0
2025,,3DD.003DFF925E ,MidColSthd_abvJDA,509.035.087,2023,1,0,0
2025,,3DD.003DFF9493 ,MidColSthd_abvJDA,509.035.087,2023,1,0,0
2025,,3DD.003DFF94CD ,MidColSthd_abvJDA,509.035.087,2023,1,1,1
2025,,3DD.003DFF8CB1 ,MidColSthd_abvJDA,509.035.087,2023,1,0,0
2025,,3DD.003DFF991B ,MidColSthd_abvJDA,509.035.087,2023,1,0,0
2025,,3DD.003DFF9E1B ,MidColSthd_abvJDA,509.035.087,2023,1,0,0
2025,,3DD.003DFF9DBD ,MidColSthd_abvJDA,509.035.087,2023,1,1,0
2025,,3DD.003DFF9B8C ,MidColSthd_abvJDA,509.035.087,2023,1,0,0
2025,,3DD.003DFFBAB4 ,MidColSthd_abvJDA,509.035.087,2023,1,0,0
2025,,3DD.003DFF9CC1 ,MidColSthd_abvJDA,509.035.087,2023,1,1,0
2025,,3DD.003DFF8B08 ,MidColSthd_abvJDA,509.035.087,2023,1,0,0
2025,,3DD.003DFF967D ,MidColSthd_abvJDA,509.035.087,2023,1,0,0
2025,,3DD.003DFFC022 ,MidColSthd_abvJDA,509.035.087,2023,1,0,0
2025,,3DD.003DFF9C5A ,MidColSthd_abvJDA,509.035.087,2023,1,0,0
2025,,3DD.003DFF9D20 ,MidColSthd_abvJDA,509.035.087,2023,1,0,0
2025,,3DD.003DFF9561 ,MidColSthd_abvJDA,509.035.087,2023,1,0,0
2025,,3DD.003DFFB81C ,MidColSthd_abvJDA,509.035.087,2023,1,1,0
2025,,3DD.003DFF921D ,MidColSthd_abvJDA,509.035.087,2023,1,0,0
2025,,3DD.003DFF95EA ,MidColSthd_abvJDA,509.035.087,2023,1,0,0
2025,,3DD.003DFF9D65 ,MidColSthd_abvJDA,509.035.087,2023,1,0,0
2025,,3DD.003DFF8CC0 ,MidColSthd_abvJDA,509.035.087,2023,1,0,0
2025,,3DD.003DFFB81A ,MidColSthd_abvJDA,509.035.087,2023,1,0,0
2025,,3DD.003DFF9CFA ,MidColSthd_abvJDA,509.035.087,2023,1,0,0
2025,,3DD.003DFF9B56 ,MidColSthd_abvJDA,509.035.087,2023,1,1,0
2025,,3DD.003DFF8C0A ,MidColSthd_abvJDA,509.035.087,2023,1,0,0
2025,,3DD.003DFF905F ,MidColSthd_abvJDA,509.035.087,2023,1,0,0
2025,,3DD.003DFFBB7E ,MidColSthd_abvJDA,509.035.087,2023,1,0,0
2025,,3DD.003D82346C ,MidColSthd_abvJDA,509.061,2022,1,0,0
2025,,3DD.003D823083 ,MidColSthd_abvJDA,509.061,2022,1,0,0
2025,,3DD.003D2F9478 ,MidColSthd_abvJDA,539.076,2023,1,1,1
2025,,3DD.003DF4AF19 ,MidColSthd_abvJDA,539.112.002,2023,1,1,1
2025,,3DD.003DF4AF21 ,MidColSthd_abvJDA,539.112.002,2023,1,0,0
2025,,3DD.003DF4AF27 ,MidColSthd_abvJDA,539.112.002,2023,1,0,0
